question,http_status,request_error,status_reason,status_message,chosen_intent,chosen_entity,planner_score,gate_accepted,gate_source,gate_reason,gate_min_score,gate_min_gap,gate_gap,score_for_gate,intent_top2_gap_base,intent_top2_gap_final,intent_top1,intent_top2,scoring_mode,scoring_keys,rows_total,result_key,cache_hit,cache_hit_response,cache_hit_metrics,cache_layer,cache_ttl,cache_key,rag_used,fusion_used,elapsed_ms_server,elapsed_ms_total_est,elapsed_ms_client,narrator_used,narrator_latency_ms,narrator_error,expected_intent,expected_entity,match_intent,match_entity,match_both,suite_name,suite_description,idx
Me mostra a visão consolidada da minha carteira de FIIs.,500,,,,,,,,,,,,,,,,,,none,,,,,,,,,,,,,,365.523,,,,carteira_enriquecida,carteira_enriquecida,False,False,False,carteira_enriquecida,"Suíte de testes para carteira_enriquecida — visão consolidada da carteira privada de FIIs do cliente, com pesos, DY, risco e rankings por ativo.",1
Quais são os FIIs da minha carteira e o valor investido em cada um?,500,,,,,,,,,,,,,,,,,,none,,,,,,,,,,,,,,298.529,,,,carteira_enriquecida,carteira_enriquecida,False,False,False,carteira_enriquecida,"Suíte de testes para carteira_enriquecida — visão consolidada da carteira privada de FIIs do cliente, com pesos, DY, risco e rankings por ativo.",2
Qual é o peso de cada FII na minha carteira hoje?,500,,,,,,,,,,,,,,,,,,none,,,,,,,,,,,,,,255.081,,,,carteira_enriquecida,carteira_enriquecida,False,False,False,carteira_enriquecida,"Suíte de testes para carteira_enriquecida — visão consolidada da carteira privada de FIIs do cliente, com pesos, DY, risco e rankings por ativo.",3
Qual é o DY mensal dos meus FIIs?,500,,,,,,,,,,,,,,,,,,none,,,,,,,,,,,,,,243.677,,,,carteira_enriquecida,carteira_enriquecida,False,False,False,carteira_enriquecida,"Suíte de testes para carteira_enriquecida — visão consolidada da carteira privada de FIIs do cliente, com pesos, DY, risco e rankings por ativo.",4
Qual é o DY de 12 meses da minha carteira de FIIs?,500,,,,,,,,,,,,,,,,,,none,,,,,,,,,,,,,,253.323,,,,carteira_enriquecida,carteira_enriquecida,False,False,False,carteira_enriquecida,"Suíte de testes para carteira_enriquecida — visão consolidada da carteira privada de FIIs do cliente, com pesos, DY, risco e rankings por ativo.",5
Quanto valem meus FIIs hoje no total?,500,,,,,,,,,,,,,,,,,,none,,,,,,,,,,,,,,228.168,,,,carteira_enriquecida,carteira_enriquecida,False,False,False,carteira_enriquecida,"Suíte de testes para carteira_enriquecida — visão consolidada da carteira privada de FIIs do cliente, com pesos, DY, risco e rankings por ativo.",6
Quais setores mais pesam na minha carteira de FIIs?,500,,,,,,,,,,,,,,,,,,none,,,,,,,,,,,,,,282.36,,,,carteira_enriquecida,carteira_enriquecida,False,False,False,carteira_enriquecida,"Suíte de testes para carteira_enriquecida — visão consolidada da carteira privada de FIIs do cliente, com pesos, DY, risco e rankings por ativo.",7
Qual FII tem o maior peso na minha carteira hoje?,500,,,,,,,,,,,,,,,,,,none,,,,,,,,,,,,,,244.31,,,,carteira_enriquecida,carteira_enriquecida,False,False,False,carteira_enriquecida,"Suíte de testes para carteira_enriquecida — visão consolidada da carteira privada de FIIs do cliente, com pesos, DY, risco e rankings por ativo.",8
Qual é o total de dividendos dos meus FIIs acumulado em 12 meses?,500,,,,,,,,,,,,,,,,,,none,,,,,,,,,,,,,,338.19,,,,carteira_enriquecida,carteira_enriquecida,False,False,False,carteira_enriquecida,"Suíte de testes para carteira_enriquecida — visão consolidada da carteira privada de FIIs do cliente, com pesos, DY, risco e rankings por ativo.",9
Quais FIIs da minha carteira aparecem no IFIX e qual a posição de cada um no índice?,200,,gated,Blocked by threshold: low_score,carteira_enriquecida,carteira_enriquecida,-2.7499999999999996,False,base,low_score,0.9,0.2,1.0999999999999996,-2.7499999999999996,1.0999999999999996,1.0999999999999996,carteira_enriquecida,fiis_financials_revenue_schedule,list:final_combined,combined;entity;entity_top_telemetry;final_combined;intent;intent_top2_gap_base;intent_top2_gap_final;rag_hint;rag_signal;thresholds_applied,0,,False,False,,response,,,True,False,150,150.0,154.792,,,,carteira_enriquecida,carteira_enriquecida,True,True,True,carteira_enriquecida,"Suíte de testes para carteira_enriquecida — visão consolidada da carteira privada de FIIs do cliente, com pesos, DY, risco e rankings por ativo.",10
Ranking dos meus FIIs por DY de 12 meses.,500,,,,,,,,,,,,,,,,,,none,,,,,,,,,,,,,,238.112,,,,carteira_enriquecida,carteira_enriquecida,False,False,False,carteira_enriquecida,"Suíte de testes para carteira_enriquecida — visão consolidada da carteira privada de FIIs do cliente, com pesos, DY, risco e rankings por ativo.",11
Ranking dos meus FIIs por Sharpe.,200,,gated,Blocked by threshold: low_score,carteira_enriquecida,carteira_enriquecida,-0.5499999999999998,False,base,low_score,0.9,0.2,3.3,-0.5499999999999998,3.3,3.3,carteira_enriquecida,client_fiis_dividends_evolution,list:final_combined,combined;entity;entity_top_telemetry;final_combined;intent;intent_top2_gap_base;intent_top2_gap_final;rag_hint;rag_signal;thresholds_applied,0,,False,False,,response,,,True,False,160,160.0,165.127,,,,carteira_enriquecida,carteira_enriquecida,True,True,True,carteira_enriquecida,"Suíte de testes para carteira_enriquecida — visão consolidada da carteira privada de FIIs do cliente, com pesos, DY, risco e rankings por ativo.",12
Qual FII da minha carteira tem o melhor índice de Sharpe?,500,,,,,,,,,,,,,,,,,,none,,,,,,,,,,,,,,250.611,,,,carteira_enriquecida,carteira_enriquecida,False,False,False,carteira_enriquecida,"Suíte de testes para carteira_enriquecida — visão consolidada da carteira privada de FIIs do cliente, com pesos, DY, risco e rankings por ativo.",13
Qual FII da minha carteira tem o pior max drawdown?,200,,gated,Blocked by threshold: low_score,carteira_enriquecida,carteira_enriquecida,0.0,False,base,low_score,0.9,0.2,1.0999999999999996,0.0,1.0999999999999996,1.0999999999999996,carteira_enriquecida,client_fiis_dividends_evolution,list:final_combined,combined;entity;entity_top_telemetry;final_combined;intent;intent_top2_gap_base;intent_top2_gap_final;rag_hint;rag_signal;thresholds_applied,0,,False,False,,response,,,True,False,208,208.0,212.75,,,,carteira_enriquecida,carteira_enriquecida,True,True,True,carteira_enriquecida,"Suíte de testes para carteira_enriquecida — visão consolidada da carteira privada de FIIs do cliente, com pesos, DY, risco e rankings por ativo.",14
Evolução dos dividendos da minha carteira de FIIs,500,,,,,,,,,,,,,,,,,,none,,,,,,,,,,,,,,232.114,,,,client_fiis_dividends_evolution,client_fiis_dividends_evolution,False,False,False,client_fiis_dividends_evolution,Suíte de testes para client_fiis_dividends_evolution — evolução mensal de dividendos da carteira do cliente,15
Renda mensal dos meus FIIs,500,,,,,,,,,,,,,,,,,,none,,,,,,,,,,,,,,278.083,,,,client_fiis_dividends_evolution,client_fiis_dividends_evolution,False,False,False,client_fiis_dividends_evolution,Suíte de testes para client_fiis_dividends_evolution — evolução mensal de dividendos da carteira do cliente,16
Quanto minha carteira de FIIs recebeu de dividendos em cada mês,500,,,,,,,,,,,,,,,,,,none,,,,,,,,,,,,,,252.306,,,,client_fiis_dividends_evolution,client_fiis_dividends_evolution,False,False,False,client_fiis_dividends_evolution,Suíte de testes para client_fiis_dividends_evolution — evolução mensal de dividendos da carteira do cliente,17
Histórico de dividendos da minha carteira,500,,,,,,,,,,,,,,,,,,none,,,,,,,,,,,,,,317.667,,,,client_fiis_dividends_evolution,client_fiis_dividends_evolution,False,False,False,client_fiis_dividends_evolution,Suíte de testes para client_fiis_dividends_evolution — evolução mensal de dividendos da carteira do cliente,18
Minha renda mensal com FIIs está crescendo,500,,,,,,,,,,,,,,,,,,none,,,,,,,,,,,,,,243.427,,,,client_fiis_dividends_evolution,client_fiis_dividends_evolution,False,False,False,client_fiis_dividends_evolution,Suíte de testes para client_fiis_dividends_evolution — evolução mensal de dividendos da carteira do cliente,19
Como foi a performance da minha carteira de FIIs versus o IFIX nos últimos 12 meses,500,,,,,,,,,,,,,,,,,,none,,,,,,,,,,,,,,255.816,,,,client_fiis_performance_vs_benchmark,client_fiis_performance_vs_benchmark,False,False,False,client_fiis_performance_vs_benchmark,Suíte de testes para client_fiis_performance_vs_benchmark — performance da carteira do cliente versus benchmarks,20
Comparar o retorno da minha carteira de FIIs com o IFIL,200,,gated,Blocked by threshold: low_score,carteira_enriquecida,carteira_enriquecida,-0.5499999999999998,False,base,low_score,0.9,0.2,2.1999999999999993,-0.5499999999999998,2.1999999999999993,2.1999999999999993,carteira_enriquecida,client_fiis_performance_vs_benchmark,list:final_combined,combined;entity;entity_top_telemetry;final_combined;intent;intent_top2_gap_base;intent_top2_gap_final;rag_hint;rag_signal;thresholds_applied,0,,False,False,,response,,,False,False,179,179.0,185.02,,,,client_fiis_performance_vs_benchmark,client_fiis_performance_vs_benchmark,False,False,False,client_fiis_performance_vs_benchmark,Suíte de testes para client_fiis_performance_vs_benchmark — performance da carteira do cliente versus benchmarks,21
Minha carteira de FIIs está melhor ou pior que o CDI,500,,,,,,,,,,,,,,,,,,none,,,,,,,,,,,,,,257.356,,,,client_fiis_performance_vs_benchmark,client_fiis_performance_vs_benchmark,False,False,False,client_fiis_performance_vs_benchmark,Suíte de testes para client_fiis_performance_vs_benchmark — performance da carteira do cliente versus benchmarks,22
Qual foi a rentabilidade da minha carteira de FIIs versus o IFIX em 2024,200,,gated,Blocked by threshold: low_score,carteira_enriquecida,carteira_enriquecida,0.5500000000000007,False,base,low_score,0.9,0.2,0.0,0.5500000000000007,0.0,0.0,carteira_enriquecida,client_fiis_performance_vs_benchmark,list:final_combined,combined;entity;entity_top_telemetry;final_combined;intent;intent_top2_gap_base;intent_top2_gap_final;rag_hint;rag_signal;thresholds_applied,0,,False,False,,response,,,True,False,172,172.0,176.542,,,,client_fiis_performance_vs_benchmark,client_fiis_performance_vs_benchmark,False,False,False,client_fiis_performance_vs_benchmark,Suíte de testes para client_fiis_performance_vs_benchmark — performance da carteira do cliente versus benchmarks,23
Performance da minha carteira frente ao IBOV no último mês,200,,gated,Blocked by threshold: low_score,client_fiis_performance_vs_benchmark,client_fiis_performance_vs_benchmark,-1.0999999999999996,False,base,low_score,0.8,0.1,1.1,-1.0999999999999996,1.1,1.1,client_fiis_performance_vs_benchmark,history_b3_indexes,list:final_combined,combined;entity;entity_top_telemetry;final_combined;intent;intent_top2_gap_base;intent_top2_gap_final;rag_hint;rag_signal;thresholds_applied,0,,False,False,,response,,,False,False,141,141.0,146.439,,,,client_fiis_performance_vs_benchmark,client_fiis_performance_vs_benchmark,True,True,True,client_fiis_performance_vs_benchmark,Suíte de testes para client_fiis_performance_vs_benchmark — performance da carteira do cliente versus benchmarks,24
Minhas posições de FIIs,500,,,,,,,,,,,,,,,,,,none,,,,,,,,,,,,,,247.766,,,,client_fiis_positions,client_fiis_positions,False,False,False,client_fiis_positions,"Suíte de testes para client_fiis_positions — posições, quantidades, corretora, preço médio e peso na carteira",25
Quanto tenho de quantidade em custódia de MXRF11,500,,,,,,,,,,,,,,,,,,none,,,,,,,,,,,,,,261.08,,,,client_fiis_positions,client_fiis_positions,False,False,False,client_fiis_positions,"Suíte de testes para client_fiis_positions — posições, quantidades, corretora, preço médio e peso na carteira",26
Peso do HGLG11 na minha carteira de FIIs,500,,,,,,,,,,,,,,,,,,none,,,,,,,,,,,,,,236.778,,,,client_fiis_positions,client_fiis_positions,False,False,False,client_fiis_positions,"Suíte de testes para client_fiis_positions — posições, quantidades, corretora, preço médio e peso na carteira",27
Em qual corretora estão minhas cotas do XPML11,500,,,,,,,,,,,,,,,,,,none,,,,,,,,,,,,,,224.48,,,,client_fiis_positions,client_fiis_positions,False,False,False,client_fiis_positions,"Suíte de testes para client_fiis_positions — posições, quantidades, corretora, preço médio e peso na carteira",28
Qual meu preço médio do CPTS11,200,,gated,Blocked by threshold: low_score,client_fiis_dividends_evolution,client_fiis_dividends_evolution,0.0,False,base,low_score,0.8,0.1,0.0,0.0,0.0,0.0,client_fiis_dividends_evolution,client_fiis_positions,list:final_combined,combined;entity;entity_top_telemetry;final_combined;intent;intent_top2_gap_base;intent_top2_gap_final;rag_hint;rag_signal;thresholds_applied,0,,False,False,,response,,,True,False,134,134.0,138.892,,,,client_fiis_positions,client_fiis_positions,False,False,False,client_fiis_positions,"Suíte de testes para client_fiis_positions — posições, quantidades, corretora, preço médio e peso na carteira",29
Rentabilidade da minha posição em VISC11,200,,gated,Blocked by threshold: low_score,client_fiis_positions,client_fiis_positions,0.55,False,base,low_score,0.8,0.1,1.1,0.55,1.1,1.1,client_fiis_positions,carteira_enriquecida,list:final_combined,combined;entity;entity_top_telemetry;final_combined;intent;intent_top2_gap_base;intent_top2_gap_final;rag_hint;rag_signal;thresholds_applied,0,,False,False,,response,,,False,False,134,134.0,139.491,,,,client_fiis_positions,client_fiis_positions,True,True,True,client_fiis_positions,"Suíte de testes para client_fiis_positions — posições, quantidades, corretora, preço médio e peso na carteira",30
distribuição da minha carteira de fiis por fundo,500,,,,,,,,,,,,,,,,,,none,,,,,,,,,,,,,,226.787,,,,client_fiis_positions,client_fiis_positions,False,False,False,client_fiis_positions,"Suíte de testes para client_fiis_positions — posições, quantidades, corretora, preço médio e peso na carteira",31
Histórico de dividendos e dy do MXRF11,500,,,,,,,,,,,,,,,,,,none,,,,,,,,,,,,,,914.433,,,,dividendos_yield,dividendos_yield,False,False,False,dividendos_yield,Suíte de testes para dividendos_yield — histórico de dividendos e dividend yield por FII,32
Quanto o CPTS11 pagou de dividendos e dy em 08/2023,500,,,,,,,,,,,,,,,,,,none,,,,,,,,,,,,,,245.411,,,,dividendos_yield,dividendos_yield,False,False,False,dividendos_yield,Suíte de testes para dividendos_yield — histórico de dividendos e dividend yield por FII,33
Qual o DY de 12 meses do HGLG11,500,,,,,,,,,,,,,,,,,,none,,,,,,,,,,,,,,249.023,,,,dividendos_yield,dividendos_yield,False,False,False,dividendos_yield,Suíte de testes para dividendos_yield — histórico de dividendos e dividend yield por FII,34
Último dividendo pago pelo VISC11 e o dy correspondente,500,,,,,,,,,,,,,,,,,,none,,,,,,,,,,,,,,268.098,,,,dividendos_yield,dividendos_yield,False,False,False,dividendos_yield,Suíte de testes para dividendos_yield — histórico de dividendos e dividend yield por FII,35
O que é dividend yield em FIIs,500,,,,,,,,,,,,,,,,,,none,,,,,,,,,,,,,,369.955,,,,dividendos_yield,dividendos_yield,False,False,False,dividendos_yield,Suíte de testes para dividendos_yield — histórico de dividendos e dividend yield por FII,36
Quero um resumo completo do HGLG11.,500,,,,,,,,,,,,,,,,,,none,,,,,,,,,,,,,,312.107,,,,fii_overview,fii_overview,False,False,False,fii_overview,"Roteiro de perguntas canônicas para rota fii_overview (overview consolidado de cada FII, 1 linha por fundo). Foco: resumo geral, principais indicadores, tamanho, liquidez, risco sintético.",37
Me mostre um panorama geral do HGLG11.,500,,,,,,,,,,,,,,,,,,none,,,,,,,,,,,,,,216.332,,,,fii_overview,fii_overview,False,False,False,fii_overview,"Roteiro de perguntas canônicas para rota fii_overview (overview consolidado de cada FII, 1 linha por fundo). Foco: resumo geral, principais indicadores, tamanho, liquidez, risco sintético.",38
Resumo geral do MXRF11.,500,,,,,,,,,,,,,,,,,,none,,,,,,,,,,,,,,313.167,,,,fii_overview,fii_overview,False,False,False,fii_overview,"Roteiro de perguntas canônicas para rota fii_overview (overview consolidado de cada FII, 1 linha por fundo). Foco: resumo geral, principais indicadores, tamanho, liquidez, risco sintético.",39
Panorama do fundo MXRF11.,500,,,,,,,,,,,,,,,,,,none,,,,,,,,,,,,,,240.883,,,,fii_overview,fii_overview,False,False,False,fii_overview,"Roteiro de perguntas canônicas para rota fii_overview (overview consolidado de cada FII, 1 linha por fundo). Foco: resumo geral, principais indicadores, tamanho, liquidez, risco sintético.",40
Visao geral do VISC11 como investimento.,500,,,,,,,,,,,,,,,,,,none,,,,,,,,,,,,,,249.033,,,,fii_overview,fii_overview,False,False,False,fii_overview,"Roteiro de perguntas canônicas para rota fii_overview (overview consolidado de cada FII, 1 linha por fundo). Foco: resumo geral, principais indicadores, tamanho, liquidez, risco sintético.",41
Resumo dos principais indicadores de HGLG11.,500,,,,,,,,,,,,,,,,,,none,,,,,,,,,,,,,,281.8,,,,fii_overview,fii_overview,False,False,False,fii_overview,"Roteiro de perguntas canônicas para rota fii_overview (overview consolidado de cada FII, 1 linha por fundo). Foco: resumo geral, principais indicadores, tamanho, liquidez, risco sintético.",42
Principais pontos do fundo MXRF11.,500,,,,,,,,,,,,,,,,,,none,,,,,,,,,,,,,,265.406,,,,fii_overview,fii_overview,False,False,False,fii_overview,"Roteiro de perguntas canônicas para rota fii_overview (overview consolidado de cada FII, 1 linha por fundo). Foco: resumo geral, principais indicadores, tamanho, liquidez, risco sintético.",43
Quais os destaques do VISC11 hoje?,500,,,,,,,,,,,,,,,,,,none,,,,,,,,,,,,,,258.811,,,,fii_overview,fii_overview,False,False,False,fii_overview,"Roteiro de perguntas canônicas para rota fii_overview (overview consolidado de cada FII, 1 linha por fundo). Foco: resumo geral, principais indicadores, tamanho, liquidez, risco sintético.",44
Apresenta um overview detalhado do HGLG11.,500,,,,,,,,,,,,,,,,,,none,,,,,,,,,,,,,,249.161,,,,fii_overview,fii_overview,False,False,False,fii_overview,"Roteiro de perguntas canônicas para rota fii_overview (overview consolidado de cada FII, 1 linha por fundo). Foco: resumo geral, principais indicadores, tamanho, liquidez, risco sintético.",45
Ficha resumo do fundo MXRF11.,500,,,,,,,,,,,,,,,,,,none,,,,,,,,,,,,,,230.021,,,,fii_overview,fii_overview,False,False,False,fii_overview,"Roteiro de perguntas canônicas para rota fii_overview (overview consolidado de cada FII, 1 linha por fundo). Foco: resumo geral, principais indicadores, tamanho, liquidez, risco sintético.",46
Ficha tecnica resumida do VISC11.,500,,,,,,,,,,,,,,,,,,none,,,,,,,,,,,,,,258.491,,,,fii_overview,fii_overview,False,False,False,fii_overview,"Roteiro de perguntas canônicas para rota fii_overview (overview consolidado de cada FII, 1 linha por fundo). Foco: resumo geral, principais indicadores, tamanho, liquidez, risco sintético.",47
"Comparativo de overview entre HGLG11, MXRF11 e VISC11.",500,,,,,,,,,,,,,,,,,,none,,,,,,,,,,,,,,269.44,,,,fii_overview,fii_overview,False,False,False,fii_overview,"Roteiro de perguntas canônicas para rota fii_overview (overview consolidado de cada FII, 1 linha por fundo). Foco: resumo geral, principais indicadores, tamanho, liquidez, risco sintético.",48
Qual o CNPJ do HGLG11?,500,,,,,,,,,,,,,,,,,,none,,,,,,,,,,,,,,259.639,,,,fiis_cadastro,fiis_cadastro,False,False,False,fiis_cadastro,"Perguntas de cadastro estático dos FIIs (CNPJ, administrador, classificação, setor, público-alvo, ISIN, IPO, pesos em índices, cotas e cotistas).",49
Qual é o nome de pregão do HGLG11 na B3?,500,,,,,,,,,,,,,,,,,,none,,,,,,,,,,,,,,249.701,,,,fiis_cadastro,fiis_cadastro,False,False,False,fiis_cadastro,"Perguntas de cadastro estático dos FIIs (CNPJ, administrador, classificação, setor, público-alvo, ISIN, IPO, pesos em índices, cotas e cotistas).",50
Qual é o nome de exibição do fundo ALMI11?,500,,,,,,,,,,,,,,,,,,none,,,,,,,,,,,,,,236.379,,,,fiis_cadastro,fiis_cadastro,False,False,False,fiis_cadastro,"Perguntas de cadastro estático dos FIIs (CNPJ, administrador, classificação, setor, público-alvo, ISIN, IPO, pesos em índices, cotas e cotistas).",51
Qual é a classificação oficial do XPLG11?,500,,,,,,,,,,,,,,,,,,none,,,,,,,,,,,,,,304.631,,,,fiis_cadastro,fiis_cadastro,False,False,False,fiis_cadastro,"Perguntas de cadastro estático dos FIIs (CNPJ, administrador, classificação, setor, público-alvo, ISIN, IPO, pesos em índices, cotas e cotistas).",52
Qual é o setor e o subsetor do HGLG11?,500,,,,,,,,,,,,,,,,,,none,,,,,,,,,,,,,,241.78,,,,fiis_cadastro,fiis_cadastro,False,False,False,fiis_cadastro,"Perguntas de cadastro estático dos FIIs (CNPJ, administrador, classificação, setor, público-alvo, ISIN, IPO, pesos em índices, cotas e cotistas).",53
O HGLG11 é um fundo de gestão ativa ou passiva?,200,,gated,Blocked by threshold: low_gap,fiis_cadastro,fiis_cadastro,1.1,False,base,low_gap,1.0,0.2,0.0,1.1,0.0,0.0,fiis_cadastro,ticker_query,list:final_combined,combined;entity;entity_top_telemetry;final_combined;intent;intent_top2_gap_base;intent_top2_gap_final;rag_hint;rag_signal;thresholds_applied,0,,False,False,,response,86400,araquem:dev-20251030:cfg-92bcb8d1:pub:fiis_cadastro:plan:aca622bb7137e79032cf90201f59831df0b1fe3383a61cd02c341d700aacbcc0,True,False,173,173.0,176.896,,,,fiis_cadastro,fiis_cadastro,True,True,True,fiis_cadastro,"Perguntas de cadastro estático dos FIIs (CNPJ, administrador, classificação, setor, público-alvo, ISIN, IPO, pesos em índices, cotas e cotistas).",54
Qual é o público-alvo do XPLG11?,500,,,,,,,,,,,,,,,,,,none,,,,,,,,,,,,,,192.432,,,,fiis_cadastro,fiis_cadastro,False,False,False,fiis_cadastro,"Perguntas de cadastro estático dos FIIs (CNPJ, administrador, classificação, setor, público-alvo, ISIN, IPO, pesos em índices, cotas e cotistas).",55
Qual é o código ISIN do HGLG11?,500,,,,,,,,,,,,,,,,,,none,,,,,,,,,,,,,,266.777,,,,fiis_cadastro,fiis_cadastro,False,False,False,fiis_cadastro,"Perguntas de cadastro estático dos FIIs (CNPJ, administrador, classificação, setor, público-alvo, ISIN, IPO, pesos em índices, cotas e cotistas).",56
Qual foi a data do IPO do ALMI11?,500,,,,,,,,,,,,,,,,,,none,,,,,,,,,,,,,,277.752,,,,fiis_cadastro,fiis_cadastro,False,False,False,fiis_cadastro,"Perguntas de cadastro estático dos FIIs (CNPJ, administrador, classificação, setor, público-alvo, ISIN, IPO, pesos em índices, cotas e cotistas).",57
Qual é o site oficial do fundo XPLG11?,500,,,,,,,,,,,,,,,,,,none,,,,,,,,,,,,,,258.095,,,,fiis_cadastro,fiis_cadastro,False,False,False,fiis_cadastro,"Perguntas de cadastro estático dos FIIs (CNPJ, administrador, classificação, setor, público-alvo, ISIN, IPO, pesos em índices, cotas e cotistas).",58
Qual é o administrador e o CNPJ do administrador do HGLG11?,500,,,,,,,,,,,,,,,,,,none,,,,,,,,,,,,,,297.836,,,,fiis_cadastro,fiis_cadastro,False,False,False,fiis_cadastro,"Perguntas de cadastro estático dos FIIs (CNPJ, administrador, classificação, setor, público-alvo, ISIN, IPO, pesos em índices, cotas e cotistas).",59
Quantas cotas emitidas e quantos cotistas o HGLG11 possui?,500,,,,,,,,,,,,,,,,,,none,,,,,,,,,,,,,,273.134,,,,fiis_cadastro,fiis_cadastro,False,False,False,fiis_cadastro,"Perguntas de cadastro estático dos FIIs (CNPJ, administrador, classificação, setor, público-alvo, ISIN, IPO, pesos em índices, cotas e cotistas).",60
peso do MCCI11 no IFIX,200,,gated,Blocked by threshold: low_score,client_fiis_positions,client_fiis_positions,-1.65,False,base,low_score,0.8,0.1,0.0,-1.65,0.0,0.0,client_fiis_positions,fiis_cadastro,list:final_combined,combined;entity;entity_top_telemetry;final_combined;intent;intent_top2_gap_base;intent_top2_gap_final;rag_hint;rag_signal;thresholds_applied,0,,False,False,,response,,,True,False,207,207.0,211.814,,,,fiis_cadastro,fiis_cadastro,False,False,False,fiis_cadastro,"Perguntas de cadastro estático dos FIIs (CNPJ, administrador, classificação, setor, público-alvo, ISIN, IPO, pesos em índices, cotas e cotistas).",61
Qual é o peso do HGLG11 no IFIX e no IFIL?,200,,gated,Blocked by threshold: low_score,fiis_cadastro,fiis_cadastro,0.5499999999999998,False,base,low_score,1.0,0.2,3.2999999999999994,0.5499999999999998,3.2999999999999994,3.2999999999999994,fiis_cadastro,history_b3_indexes,list:final_combined,combined;entity;entity_top_telemetry;final_combined;intent;intent_top2_gap_base;intent_top2_gap_final;rag_hint;rag_signal;thresholds_applied,0,,False,False,,response,86400,araquem:dev-20251030:cfg-92bcb8d1:pub:fiis_cadastro:plan:aca622bb7137e79032cf90201f59831df0b1fe3383a61cd02c341d700aacbcc0,True,False,149,149.0,153.906,,,,fiis_cadastro,fiis_cadastro,True,True,True,fiis_cadastro,"Perguntas de cadastro estático dos FIIs (CNPJ, administrador, classificação, setor, público-alvo, ISIN, IPO, pesos em índices, cotas e cotistas).",62
o FPAB11 já fez parte do IFIX?,200,,gated,Blocked by threshold: low_score,fiis_cadastro,fiis_cadastro,-1.65,False,base,low_score,1.0,0.2,1.0999999999999996,-1.65,1.0999999999999996,1.0999999999999996,fiis_cadastro,client_fiis_performance_vs_benchmark,list:final_combined,combined;entity;entity_top_telemetry;final_combined;intent;intent_top2_gap_base;intent_top2_gap_final;rag_hint;rag_signal;thresholds_applied,0,,False,False,,response,86400,araquem:dev-20251030:cfg-92bcb8d1:pub:fiis_cadastro:plan:cfbbfcbe40f065378d85f8376d72107923f43923608561fabaff8c949eec6122,True,False,156,156.0,160.321,,,,fiis_cadastro,fiis_cadastro,True,True,True,fiis_cadastro,"Perguntas de cadastro estático dos FIIs (CNPJ, administrador, classificação, setor, público-alvo, ISIN, IPO, pesos em índices, cotas e cotistas).",63
Quais os dividendos do HGLG11 esse mês?,500,,,,,,,,,,,,,,,,,,none,,,,,,,,,,,,,,214.142,,,,fiis_dividendos,fiis_dividendos,False,False,False,fiis_dividendos,"Suíte de testes para fiis_dividendos — histórico e valores de dividendos/proventos por FII (últimos meses, 12m, mês atual, último/próximo pagamento).",64
Dividendos pagos pelo HGLG11 nos últimos 12 meses,500,,,,,,,,,,,,,,,,,,none,,,,,,,,,,,,,,253.387,,,,fiis_dividendos,fiis_dividendos,False,False,False,fiis_dividendos,"Suíte de testes para fiis_dividendos — histórico e valores de dividendos/proventos por FII (últimos meses, 12m, mês atual, último/próximo pagamento).",65
Me mostra o histórico de dividendos do KNRI11,500,,,,,,,,,,,,,,,,,,none,,,,,,,,,,,,,,234.334,,,,fiis_dividendos,fiis_dividendos,False,False,False,fiis_dividendos,"Suíte de testes para fiis_dividendos — histórico e valores de dividendos/proventos por FII (últimos meses, 12m, mês atual, último/próximo pagamento).",66
Quais proventos o MXRF11 pagou em 2024?,500,,,,,,,,,,,,,,,,,,none,,,,,,,,,,,,,,228.228,,,,fiis_dividendos,fiis_dividendos,False,False,False,fiis_dividendos,"Suíte de testes para fiis_dividendos — histórico e valores de dividendos/proventos por FII (últimos meses, 12m, mês atual, último/próximo pagamento).",67
Total de dividendos do VISC11 nos últimos 6 meses,500,,,,,,,,,,,,,,,,,,none,,,,,,,,,,,,,,286.771,,,,fiis_dividendos,fiis_dividendos,False,False,False,fiis_dividendos,"Suíte de testes para fiis_dividendos — histórico e valores de dividendos/proventos por FII (últimos meses, 12m, mês atual, último/próximo pagamento).",68
Qual foi o último dividendo pago pelo HGLG11?,500,,,,,,,,,,,,,,,,,,none,,,,,,,,,,,,,,259.542,,,,fiis_dividendos,fiis_dividendos,False,False,False,fiis_dividendos,"Suíte de testes para fiis_dividendos — histórico e valores de dividendos/proventos por FII (últimos meses, 12m, mês atual, último/próximo pagamento).",69
Qual é o próximo pagamento de dividendos do MXRF11?,500,,,,,,,,,,,,,,,,,,none,,,,,,,,,,,,,,213.377,,,,fiis_dividendos,fiis_dividendos,False,False,False,fiis_dividendos,"Suíte de testes para fiis_dividendos — histórico e valores de dividendos/proventos por FII (últimos meses, 12m, mês atual, último/próximo pagamento).",70
Quais os proventos mensais do HGLG11 em 2025?,500,,,,,,,,,,,,,,,,,,none,,,,,,,,,,,,,,236.898,,,,fiis_dividendos,fiis_dividendos,False,False,False,fiis_dividendos,"Suíte de testes para fiis_dividendos — histórico e valores de dividendos/proventos por FII (últimos meses, 12m, mês atual, último/próximo pagamento).",71
Dividendos que o KNRI11 pagou em janeiro de 2025,500,,,,,,,,,,,,,,,,,,none,,,,,,,,,,,,,,214.547,,,,fiis_dividendos,fiis_dividendos,False,False,False,fiis_dividendos,"Suíte de testes para fiis_dividendos — histórico e valores de dividendos/proventos por FII (últimos meses, 12m, mês atual, último/próximo pagamento).",72
Quanto o MXRF11 distribuiu de dividendos em março de 2025?,500,,,,,,,,,,,,,,,,,,none,,,,,,,,,,,,,,287.537,,,,fiis_dividendos,fiis_dividendos,False,False,False,fiis_dividendos,"Suíte de testes para fiis_dividendos — histórico e valores de dividendos/proventos por FII (últimos meses, 12m, mês atual, último/próximo pagamento).",73
Lista de pagamentos de proventos do VINO11,500,,,,,,,,,,,,,,,,,,none,,,,,,,,,,,,,,279.828,,,,fiis_dividendos,fiis_dividendos,False,False,False,fiis_dividendos,"Suíte de testes para fiis_dividendos — histórico e valores de dividendos/proventos por FII (últimos meses, 12m, mês atual, último/próximo pagamento).",74
Dividendos do HGLG11 em cada mês do último ano,500,,,,,,,,,,,,,,,,,,none,,,,,,,,,,,,,,285.962,,,,fiis_dividendos,fiis_dividendos,False,False,False,fiis_dividendos,"Suíte de testes para fiis_dividendos — histórico e valores de dividendos/proventos por FII (últimos meses, 12m, mês atual, último/próximo pagamento).",75
Proventos já anunciados do MXRF11 para os próximos meses,500,,,,,,,,,,,,,,,,,,none,,,,,,,,,,,,,,220.389,,,,fiis_dividendos,fiis_dividendos,False,False,False,fiis_dividendos,"Suíte de testes para fiis_dividendos — histórico e valores de dividendos/proventos por FII (últimos meses, 12m, mês atual, último/próximo pagamento).",76
Quais foram os dividendos do HGLG11 com data com em outubro de 2025?,500,,,,,,,,,,,,,,,,,,none,,,,,,,,,,,,,,261.738,,,,fiis_dividendos,fiis_dividendos,False,False,False,fiis_dividendos,"Suíte de testes para fiis_dividendos — histórico e valores de dividendos/proventos por FII (últimos meses, 12m, mês atual, último/próximo pagamento).",77
Me mostra a distribuição de rendimentos do KNRI11 mês a mês,500,,,,,,,,,,,,,,,,,,none,,,,,,,,,,,,,,259.053,,,,fiis_dividendos,fiis_dividendos,False,False,False,fiis_dividendos,"Suíte de testes para fiis_dividendos — histórico e valores de dividendos/proventos por FII (últimos meses, 12m, mês atual, último/próximo pagamento).",78
cronograma de receitas do LRDI11,500,,,,,,,,,,,,,,,,,,none,,,,,,,,,,,,,,271.53,,,,fiis_financials_revenue_schedule,fiis_financials_revenue_schedule,False,False,False,fiis_financials_revenue_schedule,Suíte de testes para fiis_financials_revenue_schedule — cronograma de receitas futuras por faixa de vencimento e indexador,79
receitas indexadas ao IPCA do HGLG11,500,,,,,,,,,,,,,,,,,,none,,,,,,,,,,,,,,220.99,,,,fiis_financials_revenue_schedule,fiis_financials_revenue_schedule,False,False,False,fiis_financials_revenue_schedule,Suíte de testes para fiis_financials_revenue_schedule — cronograma de receitas futuras por faixa de vencimento e indexador,80
receitas com vencimento em 6-9 meses do KNRI11,500,,,,,,,,,,,,,,,,,,none,,,,,,,,,,,,,,246.149,,,,fiis_financials_revenue_schedule,fiis_financials_revenue_schedule,False,False,False,fiis_financials_revenue_schedule,Suíte de testes para fiis_financials_revenue_schedule — cronograma de receitas futuras por faixa de vencimento e indexador,81
receitas com vencimento acima de 36 meses do VISC11,500,,,,,,,,,,,,,,,,,,none,,,,,,,,,,,,,,323.838,,,,fiis_financials_revenue_schedule,fiis_financials_revenue_schedule,False,False,False,fiis_financials_revenue_schedule,Suíte de testes para fiis_financials_revenue_schedule — cronograma de receitas futuras por faixa de vencimento e indexador,82
receitas com vencimento indeterminado do MXRF11,500,,,,,,,,,,,,,,,,,,none,,,,,,,,,,,,,,276.82,,,,fiis_financials_revenue_schedule,fiis_financials_revenue_schedule,False,False,False,fiis_financials_revenue_schedule,Suíte de testes para fiis_financials_revenue_schedule — cronograma de receitas futuras por faixa de vencimento e indexador,83
percentual de receitas do RBRF11 indexadas ao IGPM,500,,,,,,,,,,,,,,,,,,none,,,,,,,,,,,,,,248.84,,,,fiis_financials_revenue_schedule,fiis_financials_revenue_schedule,False,False,False,fiis_financials_revenue_schedule,Suíte de testes para fiis_financials_revenue_schedule — cronograma de receitas futuras por faixa de vencimento e indexador,84
percentual de receitas do BCFF11 indexadas ao INPC,500,,,,,,,,,,,,,,,,,,none,,,,,,,,,,,,,,334.015,,,,fiis_financials_revenue_schedule,fiis_financials_revenue_schedule,False,False,False,fiis_financials_revenue_schedule,Suíte de testes para fiis_financials_revenue_schedule — cronograma de receitas futuras por faixa de vencimento e indexador,85
Como está distribuída a receita futura do HGLG11 por faixa de vencimento?,500,,,,,,,,,,,,,,,,,,none,,,,,,,,,,,,,,275.043,,,,fiis_financials_revenue_schedule,fiis_financials_revenue_schedule,False,False,False,fiis_financials_revenue_schedule,Suíte de testes para fiis_financials_revenue_schedule — cronograma de receitas futuras por faixa de vencimento e indexador,86
As receitas do HGLG11 estão mais concentradas no curto prazo ou no longo prazo?,500,,,,,,,,,,,,,,,,,,none,,,,,,,,,,,,,,233.123,,,,fiis_financials_revenue_schedule,fiis_financials_revenue_schedule,False,False,False,fiis_financials_revenue_schedule,Suíte de testes para fiis_financials_revenue_schedule — cronograma de receitas futuras por faixa de vencimento e indexador,87
Qual a estrutura de recebíveis do HGLG11?,500,,,,,,,,,,,,,,,,,,none,,,,,,,,,,,,,,264.731,,,,fiis_financials_revenue_schedule,fiis_financials_revenue_schedule,False,False,False,fiis_financials_revenue_schedule,Suíte de testes para fiis_financials_revenue_schedule — cronograma de receitas futuras por faixa de vencimento e indexador,88
Compare o cronograma de receitas de HGLG11 e XPLG11.,500,,,,,,,,,,,,,,,,,,none,,,,,,,,,,,,,,249.658,,,,fiis_financials_revenue_schedule,fiis_financials_revenue_schedule,False,False,False,fiis_financials_revenue_schedule,Suíte de testes para fiis_financials_revenue_schedule — cronograma de receitas futuras por faixa de vencimento e indexador,89
Qual percentual das receitas do HGLG11 tem vencimento acima de 36 meses?,500,,,,,,,,,,,,,,,,,,none,,,,,,,,,,,,,,228.761,,,,fiis_financials_revenue_schedule,fiis_financials_revenue_schedule,False,False,False,fiis_financials_revenue_schedule,Suíte de testes para fiis_financials_revenue_schedule — cronograma de receitas futuras por faixa de vencimento e indexador,90
Qual o Sharpe do HGLG11,500,,,,,,,,,,,,,,,,,,none,,,,,,,,,,,,,,223.683,,,,fiis_financials_risk,fiis_financials_risk,False,False,False,fiis_financials_risk,"Suíte de testes para fiis_financials_risk — indicadores de risco (Sharpe, beta, volatilidade, drawdown)",91
Beta do XPLG11 em relação ao IFIX,500,,,,,,,,,,,,,,,,,,none,,,,,,,,,,,,,,251.76,,,,fiis_financials_risk,fiis_financials_risk,False,False,False,fiis_financials_risk,"Suíte de testes para fiis_financials_risk — indicadores de risco (Sharpe, beta, volatilidade, drawdown)",92
Max drawdown do MXRF11,500,,,,,,,,,,,,,,,,,,none,,,,,,,,,,,,,,269.125,,,,fiis_financials_risk,fiis_financials_risk,False,False,False,fiis_financials_risk,"Suíte de testes para fiis_financials_risk — indicadores de risco (Sharpe, beta, volatilidade, drawdown)",93
Qual FII está mais volátil hoje,200,,gated,Blocked by threshold: low_score,fiis_financials_risk,fiis_financials_risk,0.0,False,base,low_score,0.85,0.2,0.0,0.0,0.0,0.0,fiis_financials_risk,fiis_noticias,list:final_combined,combined;entity;entity_top_telemetry;final_combined;intent;intent_top2_gap_base;intent_top2_gap_final;rag_hint;rag_signal;thresholds_applied,0,,False,False,,response,86400,araquem:dev-20251030:cfg-92bcb8d1:pub:fiis_financials_risk:plan:16154b80177bd40bcd368599b694321b5f278257a1bbaa1dac75792bbe755a0d,True,False,164,164.0,169.189,,,,fiis_financials_risk,fiis_financials_risk,True,True,True,fiis_financials_risk,"Suíte de testes para fiis_financials_risk — indicadores de risco (Sharpe, beta, volatilidade, drawdown)",94
Coeficiente de determinação do CPTS11,500,,,,,,,,,,,,,,,,,,none,,,,,,,,,,,,,,250.751,,,,fiis_financials_risk,fiis_financials_risk,False,False,False,fiis_financials_risk,"Suíte de testes para fiis_financials_risk — indicadores de risco (Sharpe, beta, volatilidade, drawdown)",95
Qual o patrimônio líquido do HGLG11?,500,,,,,,,,,,,,,,,,,,none,,,,,,,,,,,,,,230.784,,,,fiis_financials_snapshot,fiis_financials_snapshot,False,False,False,fiis_financials_snapshot,"Suíte de testes para fiis_financials_snapshot — patrimônio, VP/cota, alavancagem, ABL, vacância e receitas (snapshot D-1)",96
Qual o valor patrimonial por cota do XPLG11?,500,,,,,,,,,,,,,,,,,,none,,,,,,,,,,,,,,278.131,,,,fiis_financials_snapshot,fiis_financials_snapshot,False,False,False,fiis_financials_snapshot,"Suíte de testes para fiis_financials_snapshot — patrimônio, VP/cota, alavancagem, ABL, vacância e receitas (snapshot D-1)",97
Qual o P/VP atual do ALMI11?,500,,,,,,,,,,,,,,,,,,none,,,,,,,,,,,,,,265.758,,,,fiis_financials_snapshot,fiis_financials_snapshot,False,False,False,fiis_financials_snapshot,"Suíte de testes para fiis_financials_snapshot — patrimônio, VP/cota, alavancagem, ABL, vacância e receitas (snapshot D-1)",98
Quanto de caixa e dívida o HGLG11 tem hoje?,500,,,,,,,,,,,,,,,,,,none,,,,,,,,,,,,,,310.323,,,,fiis_financials_snapshot,fiis_financials_snapshot,False,False,False,fiis_financials_snapshot,"Suíte de testes para fiis_financials_snapshot — patrimônio, VP/cota, alavancagem, ABL, vacância e receitas (snapshot D-1)",99
O XPLG11 está alavancado? Qual o nível de alavancagem dele?,200,,gated,Blocked by threshold: low_score,fiis_financials_snapshot,fiis_financials_snapshot,0.55,False,base,low_score,1.0,0.2,0.0,0.55,0.0,0.0,fiis_financials_snapshot,ticker_query,list:final_combined,combined;entity;entity_top_telemetry;final_combined;intent;intent_top2_gap_base;intent_top2_gap_final;rag_hint;rag_signal;thresholds_applied,0,,False,False,,response,86400,araquem:dev-20251030:cfg-92bcb8d1:pub:fiis_financials_snapshot:plan:16ce799d41ffc9f620bf4623ac5310bf44c96c0578690cfe7ebf3e0116c967d4,True,False,176,176.0,182.007,,,,fiis_financials_snapshot,fiis_financials_snapshot,True,True,True,fiis_financials_snapshot,"Suíte de testes para fiis_financials_snapshot — patrimônio, VP/cota, alavancagem, ABL, vacância e receitas (snapshot D-1)",100
Qual a dívida líquida do ALMI11 no último relatório gerencial?,500,,,,,,,,,,,,,,,,,,none,,,,,,,,,,,,,,259.808,,,,fiis_financials_snapshot,fiis_financials_snapshot,False,False,False,fiis_financials_snapshot,"Suíte de testes para fiis_financials_snapshot — patrimônio, VP/cota, alavancagem, ABL, vacância e receitas (snapshot D-1)",101
Qual a receita total do HGLG11 no último relatório gerencial?,500,,,,,,,,,,,,,,,,,,none,,,,,,,,,,,,,,208.902,,,,fiis_financials_snapshot,fiis_financials_snapshot,False,False,False,fiis_financials_snapshot,"Suíte de testes para fiis_financials_snapshot — patrimônio, VP/cota, alavancagem, ABL, vacância e receitas (snapshot D-1)",102
Qual a receita por cota do XPLG11?,500,,,,,,,,,,,,,,,,,,none,,,,,,,,,,,,,,315.923,,,,fiis_financials_snapshot,fiis_financials_snapshot,False,False,False,fiis_financials_snapshot,"Suíte de testes para fiis_financials_snapshot — patrimônio, VP/cota, alavancagem, ABL, vacância e receitas (snapshot D-1)",103
Qual a ABL total do HGLG11 e qual a vacância física?,500,,,,,,,,,,,,,,,,,,none,,,,,,,,,,,,,,228.906,,,,fiis_financials_snapshot,fiis_financials_snapshot,False,False,False,fiis_financials_snapshot,"Suíte de testes para fiis_financials_snapshot — patrimônio, VP/cota, alavancagem, ABL, vacância e receitas (snapshot D-1)",104
Qual a vacância financeira do XPLG11 hoje?,500,,,,,,,,,,,,,,,,,,none,,,,,,,,,,,,,,234.949,,,,fiis_financials_snapshot,fiis_financials_snapshot,False,False,False,fiis_financials_snapshot,"Suíte de testes para fiis_financials_snapshot — patrimônio, VP/cota, alavancagem, ABL, vacância e receitas (snapshot D-1)",105
"Quantos imóveis o ALMI11 tem no portfólio, segundo o último relatório gerencial?",500,,,,,,,,,,,,,,,,,,none,,,,,,,,,,,,,,254.452,,,,fiis_financials_snapshot,fiis_financials_snapshot,False,False,False,fiis_financials_snapshot,"Suíte de testes para fiis_financials_snapshot — patrimônio, VP/cota, alavancagem, ABL, vacância e receitas (snapshot D-1)",106
"Me traga um resumo financeiro do HGLG11: patrimônio, P/VP e alavancagem.",500,,,,,,,,,,,,,,,,,,none,,,,,,,,,,,,,,341.559,,,,fiis_financials_snapshot,fiis_financials_snapshot,False,False,False,fiis_financials_snapshot,"Suíte de testes para fiis_financials_snapshot — patrimônio, VP/cota, alavancagem, ABL, vacância e receitas (snapshot D-1)",107
"Quais são os principais indicadores financeiros do XPLG11 hoje (PL, VP/cota, vacância)?",500,,,,,,,,,,,,,,,,,,none,,,,,,,,,,,,,,341.429,,,,fiis_financials_snapshot,fiis_financials_snapshot,False,False,False,fiis_financials_snapshot,"Suíte de testes para fiis_financials_snapshot — patrimônio, VP/cota, alavancagem, ABL, vacância e receitas (snapshot D-1)",108
Qual o payout e a reserva de dividendos do HGLG11 no último relatório gerencial?,500,,,,,,,,,,,,,,,,,,none,,,,,,,,,,,,,,244.844,,,,fiis_financials_snapshot,fiis_financials_snapshot,False,False,False,fiis_financials_snapshot,"Suíte de testes para fiis_financials_snapshot — patrimônio, VP/cota, alavancagem, ABL, vacância e receitas (snapshot D-1)",109
"Comparando ALMI11 e HGLG11, qual deles tem maior patrimônio líquido hoje?",200,,gated,Blocked by threshold: low_score,carteira_enriquecida,carteira_enriquecida,-1.1,False,base,low_score,0.9,0.2,0.0,-1.1,0.0,0.0,carteira_enriquecida,fiis_financials_snapshot,list:final_combined,combined;entity;entity_top_telemetry;final_combined;intent;intent_top2_gap_base;intent_top2_gap_final;rag_hint;rag_signal;thresholds_applied,0,,False,False,,response,,,True,False,204,204.0,210.212,,,,fiis_financials_snapshot,fiis_financials_snapshot,False,False,False,fiis_financials_snapshot,"Suíte de testes para fiis_financials_snapshot — patrimônio, VP/cota, alavancagem, ABL, vacância e receitas (snapshot D-1)",110
Quais imóveis compõem o HGLG11,500,,,,,,,,,,,,,,,,,,none,,,,,,,,,,,,,,269.92,,,,fiis_imoveis,fiis_imoveis,False,False,False,fiis_imoveis,"Suíte de testes para fiis_imoveis — ativos, endereços, área e vacância dos FIIs",111
Vacância dos ativos do XPML11,500,,,,,,,,,,,,,,,,,,none,,,,,,,,,,,,,,217.161,,,,fiis_imoveis,fiis_imoveis,False,False,False,fiis_imoveis,"Suíte de testes para fiis_imoveis — ativos, endereços, área e vacância dos FIIs",112
Quais endereços fazem parte do VISC11,500,,,,,,,,,,,,,,,,,,none,,,,,,,,,,,,,,255.549,,,,fiis_imoveis,fiis_imoveis,False,False,False,fiis_imoveis,"Suíte de testes para fiis_imoveis — ativos, endereços, área e vacância dos FIIs",113
Qual o tamanho em metros quadrados dos imóveis do KNRI11,500,,,,,,,,,,,,,,,,,,none,,,,,,,,,,,,,,269.872,,,,fiis_imoveis,fiis_imoveis,False,False,False,fiis_imoveis,"Suíte de testes para fiis_imoveis — ativos, endereços, área e vacância dos FIIs",114
Quais ativos do MXRF11 estão inadimplentes,200,,gated,Blocked by threshold: low_gap,fiis_imoveis,fiis_imoveis,1.1,False,base,low_gap,0.85,0.1,0.0,1.1,0.0,0.0,fiis_imoveis,ticker_query,list:final_combined,combined;entity;entity_top_telemetry;final_combined;intent;intent_top2_gap_base;intent_top2_gap_final;rag_hint;rag_signal;thresholds_applied,0,,False,False,,response,86400,araquem:dev-20251030:cfg-92bcb8d1:pub:fiis_imoveis:plan:475fed678f41c949f7a9f08ed40712a656eb60c7d096bb00fc44bdf1d72ad854,True,False,176,176.0,181.993,,,,fiis_imoveis,fiis_imoveis,True,True,True,fiis_imoveis,"Suíte de testes para fiis_imoveis — ativos, endereços, área e vacância dos FIIs",115
Quais são as últimas notícias do HGLG11?,500,,,,,,,,,,,,,,,,,,none,,,,,,,,,,,,,,303.583,,,,fiis_noticias,fiis_noticias,False,False,False,fiis_noticias,"Suíte de testes para fiis_noticias — notícias, fatos relevantes, manchetes e atualizações recentes associadas a FIIs.",116
Teve algum fato relevante recente do HGLG11?,500,,,,,,,,,,,,,,,,,,none,,,,,,,,,,,,,,206.955,,,,fiis_noticias,fiis_noticias,False,False,False,fiis_noticias,"Suíte de testes para fiis_noticias — notícias, fatos relevantes, manchetes e atualizações recentes associadas a FIIs.",117
Resuma as principais notícias do HGLG11 desta semana.,500,,,,,,,,,,,,,,,,,,none,,,,,,,,,,,,,,258.0,,,,fiis_noticias,fiis_noticias,False,False,False,fiis_noticias,"Suíte de testes para fiis_noticias — notícias, fatos relevantes, manchetes e atualizações recentes associadas a FIIs.",118
O que saiu na mídia sobre o HGLG11 no último mês?,500,,,,,,,,,,,,,,,,,,none,,,,,,,,,,,,,,213.675,,,,fiis_noticias,fiis_noticias,False,False,False,fiis_noticias,"Suíte de testes para fiis_noticias — notícias, fatos relevantes, manchetes e atualizações recentes associadas a FIIs.",119
Tem alguma notícia negativa recente sobre o HGLG11?,500,,,,,,,,,,,,,,,,,,none,,,,,,,,,,,,,,258.733,,,,fiis_noticias,fiis_noticias,False,False,False,fiis_noticias,"Suíte de testes para fiis_noticias — notícias, fatos relevantes, manchetes e atualizações recentes associadas a FIIs.",120
Quais foram as últimas notícias do XPLG11?,500,,,,,,,,,,,,,,,,,,none,,,,,,,,,,,,,,226.916,,,,fiis_noticias,fiis_noticias,False,False,False,fiis_noticias,"Suíte de testes para fiis_noticias — notícias, fatos relevantes, manchetes e atualizações recentes associadas a FIIs.",121
Quais notícias recentes existem sobre fundos imobiliários logísticos como HGLG11 e XPLG11?,200,,gated,Blocked by threshold: low_score,fiis_noticias,fiis_noticias,0.55,False,base,low_score,0.8,0.1,1.1,0.55,1.1,1.1,fiis_noticias,carteira_enriquecida,list:final_combined,combined;entity;entity_top_telemetry;final_combined;intent;intent_top2_gap_base;intent_top2_gap_final;rag_hint;rag_signal;thresholds_applied,0,,False,False,,response,86400,araquem:dev-20251030:cfg-92bcb8d1:pub:fiis_noticias:plan:f172e2a64058692f446931c12b1140cdb645a0baf5cc689d7280ff715a1f46c5,True,False,190,190.0,196.442,,,,fiis_noticias,fiis_noticias,True,True,True,fiis_noticias,"Suíte de testes para fiis_noticias — notícias, fatos relevantes, manchetes e atualizações recentes associadas a FIIs.",122
Mostre as últimas manchetes sobre FIIs em geral.,200,,gated,Blocked by threshold: low_score,fiis_noticias,fiis_noticias,0.55,False,base,low_score,0.8,0.1,0.0,0.55,0.0,0.0,fiis_noticias,macro_consolidada,list:final_combined,combined;entity;entity_top_telemetry;final_combined;intent;intent_top2_gap_base;intent_top2_gap_final;rag_hint;rag_signal;thresholds_applied,0,,False,False,,response,86400,araquem:dev-20251030:cfg-92bcb8d1:pub:fiis_noticias:plan:fc8f0c548d7a9321b9357b07b546a1595006a4050dcee965a3dcc5f558300d3d,True,False,146,146.0,152.814,,,,fiis_noticias,fiis_noticias,True,True,True,fiis_noticias,"Suíte de testes para fiis_noticias — notícias, fatos relevantes, manchetes e atualizações recentes associadas a FIIs.",123
Me atualize com as notícias mais recentes sobre o setor logístico de FIIs.,200,,gated,Blocked by threshold: low_score,carteira_enriquecida,carteira_enriquecida,-1.1,False,base,low_score,0.9,0.2,0.0,-1.1,0.0,0.0,carteira_enriquecida,client_fiis_dividends_evolution,list:final_combined,combined;entity;entity_top_telemetry;final_combined;intent;intent_top2_gap_base;intent_top2_gap_final;rag_hint;rag_signal;thresholds_applied,0,,False,False,,response,,,True,False,145,145.0,176.648,,,,fiis_noticias,fiis_noticias,False,False,False,fiis_noticias,"Suíte de testes para fiis_noticias — notícias, fatos relevantes, manchetes e atualizações recentes associadas a FIIs.",124
Houve algum fato relevante envolvendo contratos ou locatários do HGLG11?,500,,,,,,,,,,,,,,,,,,none,,,,,,,,,,,,,,214.534,,,,fiis_noticias,fiis_noticias,False,False,False,fiis_noticias,"Suíte de testes para fiis_noticias — notícias, fatos relevantes, manchetes e atualizações recentes associadas a FIIs.",125
Quais matérias recentes destacaram o desempenho do HGLG11?,200,,gated,Blocked by threshold: low_gap,client_fiis_performance_vs_benchmark,client_fiis_performance_vs_benchmark,1.1,False,base,low_gap,0.8,0.1,0.0,1.1,0.0,0.0,client_fiis_performance_vs_benchmark,ticker_query,list:final_combined,combined;entity;entity_top_telemetry;final_combined;intent;intent_top2_gap_base;intent_top2_gap_final;rag_hint;rag_signal;thresholds_applied,0,,False,False,,response,,,True,False,178,178.0,184.48,,,,fiis_noticias,fiis_noticias,False,False,False,fiis_noticias,"Suíte de testes para fiis_noticias — notícias, fatos relevantes, manchetes e atualizações recentes associadas a FIIs.",126
Quais foram as três últimas notícias publicadas sobre o HGLG11?,500,,,,,,,,,,,,,,,,,,none,,,,,,,,,,,,,,248.33,,,,fiis_noticias,fiis_noticias,False,False,False,fiis_noticias,"Suíte de testes para fiis_noticias — notícias, fatos relevantes, manchetes e atualizações recentes associadas a FIIs.",127
Quanto está o HGLG11 hoje?,500,,,,,,,,,,,,,,,,,,none,,,,,,,,,,,,,,254.537,,,,fiis_precos,fiis_precos,False,False,False,fiis_precos,"Suíte de testes para fiis_precos — preço hoje, ontem, max/min, variação, ticker sem 11",128
Qual a cotação atual do KNRI11?,500,,,,,,,,,,,,,,,,,,none,,,,,,,,,,,,,,233.002,,,,fiis_precos,fiis_precos,False,False,False,fiis_precos,"Suíte de testes para fiis_precos — preço hoje, ontem, max/min, variação, ticker sem 11",129
Me mostra o preço do VINO11 agora,500,,,,,,,,,,,,,,,,,,none,,,,,,,,,,,,,,236.897,,,,fiis_precos,fiis_precos,False,False,False,fiis_precos,"Suíte de testes para fiis_precos — preço hoje, ontem, max/min, variação, ticker sem 11",130
Como está VINO agora?,500,,,,,,,,,,,,,,,,,,none,,,,,,,,,,,,,,249.91,,,,fiis_precos,fiis_precos,False,False,False,fiis_precos,"Suíte de testes para fiis_precos — preço hoje, ontem, max/min, variação, ticker sem 11",131
O HGLG11 subiu ou caiu hoje?,200,,gated,Blocked by threshold: low_gap,fiis_noticias,fiis_noticias,1.1,False,base,low_gap,0.8,0.1,0.0,1.1,0.0,0.0,fiis_noticias,fiis_precos,list:final_combined,combined;entity;entity_top_telemetry;final_combined;intent;intent_top2_gap_base;intent_top2_gap_final;rag_hint;rag_signal;thresholds_applied,0,,False,False,,response,86400,araquem:dev-20251030:cfg-92bcb8d1:pub:fiis_noticias:plan:73d24710c4b6b13106c6dbf1058e639eb570dfe1be9332565a8ddf071553b29e,True,False,160,160.0,164.452,,,,fiis_precos,fiis_precos,False,False,False,fiis_precos,"Suíte de testes para fiis_precos — preço hoje, ontem, max/min, variação, ticker sem 11",132
Qual foi o último preço negociado de XPLG11?,500,,,,,,,,,,,,,,,,,,none,,,,,,,,,,,,,,213.625,,,,fiis_precos,fiis_precos,False,False,False,fiis_precos,"Suíte de testes para fiis_precos — preço hoje, ontem, max/min, variação, ticker sem 11",133
Quanto fechou o HGLG11 ontem?,500,,,,,,,,,,,,,,,,,,none,,,,,,,,,,,,,,224.258,,,,fiis_precos,fiis_precos,False,False,False,fiis_precos,"Suíte de testes para fiis_precos — preço hoje, ontem, max/min, variação, ticker sem 11",134
Preço de fechamento de ontem do KNRI11,500,,,,,,,,,,,,,,,,,,none,,,,,,,,,,,,,,242.912,,,,fiis_precos,fiis_precos,False,False,False,fiis_precos,"Suíte de testes para fiis_precos — preço hoje, ontem, max/min, variação, ticker sem 11",135
Qual foi a cotação de ontem do VISC11?,500,,,,,,,,,,,,,,,,,,none,,,,,,,,,,,,,,236.304,,,,fiis_precos,fiis_precos,False,False,False,fiis_precos,"Suíte de testes para fiis_precos — preço hoje, ontem, max/min, variação, ticker sem 11",136
Qual foi a máxima do HGLG11 em 27/10/2025?,500,,,,,,,,,,,,,,,,,,none,,,,,,,,,,,,,,274.419,,,,fiis_precos,fiis_precos,False,False,False,fiis_precos,"Suíte de testes para fiis_precos — preço hoje, ontem, max/min, variação, ticker sem 11",137
Mínima do HGLG11 no dia 27/10/2025,500,,,,,,,,,,,,,,,,,,none,,,,,,,,,,,,,,214.613,,,,fiis_precos,fiis_precos,False,False,False,fiis_precos,"Suíte de testes para fiis_precos — preço hoje, ontem, max/min, variação, ticker sem 11",138
Máxima e mínima do MXRF11 em 27/10/2025,500,,,,,,,,,,,,,,,,,,none,,,,,,,,,,,,,,269.954,,,,fiis_precos,fiis_precos,False,False,False,fiis_precos,"Suíte de testes para fiis_precos — preço hoje, ontem, max/min, variação, ticker sem 11",139
Quanto o KNRI11 variou hoje em porcentagem?,200,,gated,Blocked by threshold: low_gap,fiis_noticias,fiis_noticias,1.1,False,base,low_gap,0.8,0.1,0.0,1.1,0.0,0.0,fiis_noticias,fiis_precos,list:final_combined,combined;entity;entity_top_telemetry;final_combined;intent;intent_top2_gap_base;intent_top2_gap_final;rag_hint;rag_signal;thresholds_applied,0,,False,False,,response,86400,araquem:dev-20251030:cfg-92bcb8d1:pub:fiis_noticias:plan:7a5aa88a4bf63ba9d7c7448e36c9e9419ed805938e0982d75cb8160a94885231,True,False,176,176.0,181.126,,,,fiis_precos,fiis_precos,False,False,False,fiis_precos,"Suíte de testes para fiis_precos — preço hoje, ontem, max/min, variação, ticker sem 11",140
Como está o KNRI11 e o XPLG11 hoje?,500,,,,,,,,,,,,,,,,,,none,,,,,,,,,,,,,,234.053,,,,fiis_precos,fiis_precos,False,False,False,fiis_precos,"Suíte de testes para fiis_precos — preço hoje, ontem, max/min, variação, ticker sem 11",141
O ALMI11 tem processos judiciais em aberto?,500,,,,,,,,,,,,,,,,,,none,,,,,,,,,,,,,,272.932,,,,fiis_processos,fiis_processos,False,False,False,fiis_processos,"Suíte de testes para fiis_processos — existência de processos, quantidade, status, valor e risco de perda",142
Quais processos existem contra o ALMI11?,500,,,,,,,,,,,,,,,,,,none,,,,,,,,,,,,,,205.246,,,,fiis_processos,fiis_processos,False,False,False,fiis_processos,"Suíte de testes para fiis_processos — existência de processos, quantidade, status, valor e risco de perda",143
Quantos processos judiciais o ALMI11 possui hoje?,500,,,,,,,,,,,,,,,,,,none,,,,,,,,,,,,,,253.065,,,,fiis_processos,fiis_processos,False,False,False,fiis_processos,"Suíte de testes para fiis_processos — existência de processos, quantidade, status, valor e risco de perda",144
Qual o status das ações judiciais do ALMI11?,500,,,,,,,,,,,,,,,,,,none,,,,,,,,,,,,,,400.838,,,,fiis_processos,fiis_processos,False,False,False,fiis_processos,"Suíte de testes para fiis_processos — existência de processos, quantidade, status, valor e risco de perda",145
Quais são os principais fatos dos processos do ALMI11?,500,,,,,,,,,,,,,,,,,,none,,,,,,,,,,,,,,253.83,,,,fiis_processos,fiis_processos,False,False,False,fiis_processos,"Suíte de testes para fiis_processos — existência de processos, quantidade, status, valor e risco de perda",146
Qual o valor total das causas dos processos do ALMI11?,500,,,,,,,,,,,,,,,,,,none,,,,,,,,,,,,,,264.885,,,,fiis_processos,fiis_processos,False,False,False,fiis_processos,"Suíte de testes para fiis_processos — existência de processos, quantidade, status, valor e risco de perda",147
Qual o risco de perda dos processos judiciais do ALMI11?,500,,,,,,,,,,,,,,,,,,none,,,,,,,,,,,,,,225.147,,,,fiis_processos,fiis_processos,False,False,False,fiis_processos,"Suíte de testes para fiis_processos — existência de processos, quantidade, status, valor e risco de perda",148
Quanto o ALMI11 pode perder se perder todas as ações judiciais?,500,,,,,,,,,,,,,,,,,,none,,,,,,,,,,,,,,261.181,,,,fiis_processos,fiis_processos,False,False,False,fiis_processos,"Suíte de testes para fiis_processos — existência de processos, quantidade, status, valor e risco de perda",149
Existe algum processo relevante contra o ALMI11 que possa afetar o fundo?,200,,gated,Blocked by threshold: low_gap,fiis_noticias,fiis_noticias,1.1,False,base,low_gap,0.8,0.1,0.0,1.1,0.0,0.0,fiis_noticias,fiis_processos,list:final_combined,combined;entity;entity_top_telemetry;final_combined;intent;intent_top2_gap_base;intent_top2_gap_final;rag_hint;rag_signal;thresholds_applied,0,,False,False,,response,86400,araquem:dev-20251030:cfg-92bcb8d1:pub:fiis_noticias:plan:d063204bdabdbe64f00272f2be5258f1e50485ea4bd1da7079a45d759478340b,False,False,163,163.0,167.386,,,,fiis_processos,fiis_processos,False,False,False,fiis_processos,"Suíte de testes para fiis_processos — existência de processos, quantidade, status, valor e risco de perda",150
Me dá um resumo das ações judiciais envolvendo o ALMI11.,500,,,,,,,,,,,,,,,,,,none,,,,,,,,,,,,,,241.729,,,,fiis_processos,fiis_processos,False,False,False,fiis_processos,"Suíte de testes para fiis_processos — existência de processos, quantidade, status, valor e risco de perda",151
Quais são os processos do ALMI11 em 1ª instância?,500,,,,,,,,,,,,,,,,,,none,,,,,,,,,,,,,,236.688,,,,fiis_processos,fiis_processos,False,False,False,fiis_processos,"Suíte de testes para fiis_processos — existência de processos, quantidade, status, valor e risco de perda",152
Desde quando existem processos contra o ALMI11 e como está o andamento deles?,500,,,,,,,,,,,,,,,,,,none,,,,,,,,,,,,,,228.848,,,,fiis_processos,fiis_processos,False,False,False,fiis_processos,"Suíte de testes para fiis_processos — existência de processos, quantidade, status, valor e risco de perda",153
qual a posição atual do HGLG11 no ranking de usuários?,500,,,,,,,,,,,,,,,,,,none,,,,,,,,,,,,,,281.88,,,,fiis_rankings,fiis_rankings,False,False,False,fiis_rankings,"Suíte de testes para fiis_rankings — rankings de FIIs por usuários, SIRIOS, IFIX/IFIL e métricas quantitativas (DY, Sharpe, volatilidade, drawdown etc.)",154
como está a posição do HGLG11 no ranking da SIRIOS?,500,,,,,,,,,,,,,,,,,,none,,,,,,,,,,,,,,280.274,,,,fiis_rankings,fiis_rankings,False,False,False,fiis_rankings,"Suíte de testes para fiis_rankings — rankings de FIIs por usuários, SIRIOS, IFIX/IFIL e métricas quantitativas (DY, Sharpe, volatilidade, drawdown etc.)",155
qual é hoje a posição do HGRU11 no ranking do IFIL?,500,,,,,,,,,,,,,,,,,,none,,,,,,,,,,,,,,279.021,,,,fiis_rankings,fiis_rankings,False,False,False,fiis_rankings,"Suíte de testes para fiis_rankings — rankings de FIIs por usuários, SIRIOS, IFIX/IFIL e métricas quantitativas (DY, Sharpe, volatilidade, drawdown etc.)",156
como evoluiu a posição do HGRU11 no ranking de usuários ao longo do tempo?,500,,,,,,,,,,,,,,,,,,none,,,,,,,,,,,,,,212.586,,,,fiis_rankings,fiis_rankings,False,False,False,fiis_rankings,"Suíte de testes para fiis_rankings — rankings de FIIs por usuários, SIRIOS, IFIX/IFIL e métricas quantitativas (DY, Sharpe, volatilidade, drawdown etc.)",157
como foi a variação de posição do HGLG11 no ranking da SIRIOS neste ano?,500,,,,,,,,,,,,,,,,,,none,,,,,,,,,,,,,,228.201,,,,fiis_rankings,fiis_rankings,False,False,False,fiis_rankings,"Suíte de testes para fiis_rankings — rankings de FIIs por usuários, SIRIOS, IFIX/IFIL e métricas quantitativas (DY, Sharpe, volatilidade, drawdown etc.)",158
ranking dos fiis com melhor sharpe ratio,500,,,,,,,,,,,,,,,,,,none,,,,,,,,,,,,,,289.051,,,,fiis_rankings,fiis_rankings,False,False,False,fiis_rankings,"Suíte de testes para fiis_rankings — rankings de FIIs por usuários, SIRIOS, IFIX/IFIL e métricas quantitativas (DY, Sharpe, volatilidade, drawdown etc.)",159
top fiis por menor volatilidade,500,,,,,,,,,,,,,,,,,,none,,,,,,,,,,,,,,324.659,,,,fiis_rankings,fiis_rankings,False,False,False,fiis_rankings,"Suíte de testes para fiis_rankings — rankings de FIIs por usuários, SIRIOS, IFIX/IFIL e métricas quantitativas (DY, Sharpe, volatilidade, drawdown etc.)",160
quais fiis têm o maior dividend yield em 12 meses?,500,,,,,,,,,,,,,,,,,,none,,,,,,,,,,,,,,342.977,,,,fiis_rankings,fiis_rankings,False,False,False,fiis_rankings,"Suíte de testes para fiis_rankings — rankings de FIIs por usuários, SIRIOS, IFIX/IFIL e métricas quantitativas (DY, Sharpe, volatilidade, drawdown etc.)",161
quais fiis têm o maior valor de mercado?,500,,,,,,,,,,,,,,,,,,none,,,,,,,,,,,,,,274.858,,,,fiis_rankings,fiis_rankings,False,False,False,fiis_rankings,"Suíte de testes para fiis_rankings — rankings de FIIs por usuários, SIRIOS, IFIX/IFIL e métricas quantitativas (DY, Sharpe, volatilidade, drawdown etc.)",162
quais fiis têm o maior patrimônio líquido?,200,,gated,Blocked by threshold: low_score,fiis_rankings,fiis_rankings,0.5499999999999998,False,base,low_score,1.0,0.2,2.1999999999999997,0.5499999999999998,2.1999999999999997,2.1999999999999997,fiis_rankings,carteira_enriquecida,list:final_combined,combined;entity;entity_top_telemetry;final_combined;intent;intent_top2_gap_base;intent_top2_gap_final;rag_hint;rag_signal;thresholds_applied,0,,False,False,,response,86400,araquem:dev-20251030:cfg-92bcb8d1:pub:fiis_rankings:plan:dd86d6f6fbe409322353cfef2d33d1cae3fe8fb10aa3a49a13f9d5ee8bd95133,False,False,148,148.0,151.659,,,,fiis_rankings,fiis_rankings,True,True,True,fiis_rankings,"Suíte de testes para fiis_rankings — rankings de FIIs por usuários, SIRIOS, IFIX/IFIL e métricas quantitativas (DY, Sharpe, volatilidade, drawdown etc.)",163
quais fiis têm o menor drawdown histórico?,200,,gated,Blocked by threshold: low_score,fiis_rankings,fiis_rankings,-1.65,False,base,low_score,1.0,0.2,1.0999999999999996,-1.65,1.0999999999999996,1.0999999999999996,fiis_rankings,client_fiis_dividends_evolution,list:final_combined,combined;entity;entity_top_telemetry;final_combined;intent;intent_top2_gap_base;intent_top2_gap_final;rag_hint;rag_signal;thresholds_applied,0,,False,False,,response,86400,araquem:dev-20251030:cfg-92bcb8d1:pub:fiis_rankings:plan:dd86d6f6fbe409322353cfef2d33d1cae3fe8fb10aa3a49a13f9d5ee8bd95133,False,False,163,163.0,167.802,,,,fiis_rankings,fiis_rankings,True,True,True,fiis_rankings,"Suíte de testes para fiis_rankings — rankings de FIIs por usuários, SIRIOS, IFIX/IFIL e métricas quantitativas (DY, Sharpe, volatilidade, drawdown etc.)",164
quais fiis se destacam no ranking da SIRIOS este mês?,500,,,,,,,,,,,,,,,,,,none,,,,,,,,,,,,,,299.476,,,,fiis_rankings,fiis_rankings,False,False,False,fiis_rankings,"Suíte de testes para fiis_rankings — rankings de FIIs por usuários, SIRIOS, IFIX/IFIL e métricas quantitativas (DY, Sharpe, volatilidade, drawdown etc.)",165
quais fiis têm melhor posição no ranking de dy 12 meses?,500,,,,,,,,,,,,,,,,,,none,,,,,,,,,,,,,,338.342,,,,fiis_rankings,fiis_rankings,False,False,False,fiis_rankings,"Suíte de testes para fiis_rankings — rankings de FIIs por usuários, SIRIOS, IFIX/IFIL e métricas quantitativas (DY, Sharpe, volatilidade, drawdown etc.)",166
top 5 fiis por sharpe ratio,500,,,,,,,,,,,,,,,,,,none,,,,,,,,,,,,,,305.36,,,,fiis_rankings,fiis_rankings,False,False,False,fiis_rankings,"Suíte de testes para fiis_rankings — rankings de FIIs por usuários, SIRIOS, IFIX/IFIL e métricas quantitativas (DY, Sharpe, volatilidade, drawdown etc.)",167
Qual o DY historico do HGLG11?,200,,gated,Blocked by threshold: low_gap,dividendos_yield,dividendos_yield,1.1000000000000005,False,base,low_gap,0.9,0.2,0.0,1.1000000000000005,0.0,0.0,dividendos_yield,fiis_yield_history,list:final_combined,combined;entity;entity_top_telemetry;final_combined;intent;intent_top2_gap_base;intent_top2_gap_final;rag_hint;rag_signal;thresholds_applied,0,,False,False,,response,86400,araquem:dev-20251030:cfg-92bcb8d1:pub:dividendos_yield:plan:5d783434dd540ed224ae27e44feb5bc29e7deb0b799c7fa5b5cbccb21d2299b1,True,False,232,232.0,236.656,,,,fiis_yield_history,fiis_yield_history,False,False,False,fiis_yield_history,"Roteiro de perguntas canônicas para rota fiis_yield_history (histórico de dividend yield mensal por FII). Foco: dy historico, dy mensal, dy 12m/24m, sempre com ticker.",168
Me mostra o historico de dividend yield do MXRF11.,500,,,,,,,,,,,,,,,,,,none,,,,,,,,,,,,,,229.611,,,,fiis_yield_history,fiis_yield_history,False,False,False,fiis_yield_history,"Roteiro de perguntas canônicas para rota fiis_yield_history (histórico de dividend yield mensal por FII). Foco: dy historico, dy mensal, dy 12m/24m, sempre com ticker.",169
Quero ver o dy por mes do VISC11.,200,,gated,Blocked by threshold: low_gap,dividendos_yield,dividendos_yield,2.75,False,base,low_gap,0.9,0.2,0.0,2.75,0.0,0.0,dividendos_yield,fiis_yield_history,list:final_combined,combined;entity;entity_top_telemetry;final_combined;intent;intent_top2_gap_base;intent_top2_gap_final;rag_hint;rag_signal;thresholds_applied,0,,False,False,,response,86400,araquem:dev-20251030:cfg-92bcb8d1:pub:dividendos_yield:plan:1ae3c8cdb62160963ce57571e6c0df9fb0cc898325fd6241904b8fe68dcdf00f,True,False,201,201.0,206.02,,,,fiis_yield_history,fiis_yield_history,False,False,False,fiis_yield_history,"Roteiro de perguntas canônicas para rota fiis_yield_history (histórico de dividend yield mensal por FII). Foco: dy historico, dy mensal, dy 12m/24m, sempre com ticker.",170
Como foi o dy mensal do HGLG11 nos ultimos 12 meses?,500,,,,,,,,,,,,,,,,,,none,,,,,,,,,,,,,,255.436,,,,fiis_yield_history,fiis_yield_history,False,False,False,fiis_yield_history,"Roteiro de perguntas canônicas para rota fiis_yield_history (histórico de dividend yield mensal por FII). Foco: dy historico, dy mensal, dy 12m/24m, sempre com ticker.",171
Qual foi o dy do MXRF11 nos ultimos 24 meses?,200,,gated,Blocked by threshold: low_gap,dividendos_yield,dividendos_yield,2.75,False,base,low_gap,0.9,0.2,0.0,2.75,0.0,0.0,dividendos_yield,fiis_yield_history,list:final_combined,combined;entity;entity_top_telemetry;final_combined;intent;intent_top2_gap_base;intent_top2_gap_final;rag_hint;rag_signal;thresholds_applied,0,,False,False,,response,86400,araquem:dev-20251030:cfg-92bcb8d1:pub:dividendos_yield:plan:6c0db55b03a1fad489a3aff40343580906c9d77e3c06a17611137e1be05d8fae,True,False,181,181.0,186.036,,,,fiis_yield_history,fiis_yield_history,False,False,False,fiis_yield_history,"Roteiro de perguntas canônicas para rota fiis_yield_history (histórico de dividend yield mensal por FII). Foco: dy historico, dy mensal, dy 12m/24m, sempre com ticker.",172
Evolucao do dy do VISC11 desde 2023.,500,,,,,,,,,,,,,,,,,,none,,,,,,,,,,,,,,213.752,,,,fiis_yield_history,fiis_yield_history,False,False,False,fiis_yield_history,"Roteiro de perguntas canônicas para rota fiis_yield_history (histórico de dividend yield mensal por FII). Foco: dy historico, dy mensal, dy 12m/24m, sempre com ticker.",173
Mostra o dy 12m mes a mes do HGLG11.,500,,,,,,,,,,,,,,,,,,none,,,,,,,,,,,,,,231.395,,,,fiis_yield_history,fiis_yield_history,False,False,False,fiis_yield_history,"Roteiro de perguntas canônicas para rota fiis_yield_history (histórico de dividend yield mensal por FII). Foco: dy historico, dy mensal, dy 12m/24m, sempre com ticker.",174
Grafico com o dy mensal do MXRF11 nos ultimos 2 anos.,200,,gated,Blocked by threshold: low_gap,dividendos_yield,dividendos_yield,2.75,False,base,low_gap,0.9,0.2,0.0,2.75,0.0,0.0,dividendos_yield,fiis_yield_history,list:final_combined,combined;entity;entity_top_telemetry;final_combined;intent;intent_top2_gap_base;intent_top2_gap_final;rag_hint;rag_signal;thresholds_applied,0,,False,False,,response,86400,araquem:dev-20251030:cfg-92bcb8d1:pub:dividendos_yield:plan:6c0db55b03a1fad489a3aff40343580906c9d77e3c06a17611137e1be05d8fae,True,False,157,157.0,161.937,,,,fiis_yield_history,fiis_yield_history,False,False,False,fiis_yield_history,"Roteiro de perguntas canônicas para rota fiis_yield_history (histórico de dividend yield mensal por FII). Foco: dy historico, dy mensal, dy 12m/24m, sempre com ticker.",175
Qual foi o dividend yield do MXRF11 em outubro de 2024?,500,,,,,,,,,,,,,,,,,,none,,,,,,,,,,,,,,239.791,,,,fiis_yield_history,fiis_yield_history,False,False,False,fiis_yield_history,"Roteiro de perguntas canônicas para rota fiis_yield_history (histórico de dividend yield mensal por FII). Foco: dy historico, dy mensal, dy 12m/24m, sempre com ticker.",176
DY de janeiro de 2024 do VISC11.,500,,,,,,,,,,,,,,,,,,none,,,,,,,,,,,,,,215.424,,,,fiis_yield_history,fiis_yield_history,False,False,False,fiis_yield_history,"Roteiro de perguntas canônicas para rota fiis_yield_history (histórico de dividend yield mensal por FII). Foco: dy historico, dy mensal, dy 12m/24m, sempre com ticker.",177
Serie historica de dy do HGLG11 por mes.,500,,,,,,,,,,,,,,,,,,none,,,,,,,,,,,,,,221.963,,,,fiis_yield_history,fiis_yield_history,False,False,False,fiis_yield_history,"Roteiro de perguntas canônicas para rota fiis_yield_history (histórico de dividend yield mensal por FII). Foco: dy historico, dy mensal, dy 12m/24m, sempre com ticker.",178
Historico completo de dy do MXRF11 ao longo dos ultimos anos.,500,,,,,,,,,,,,,,,,,,none,,,,,,,,,,,,,,242.993,,,,fiis_yield_history,fiis_yield_history,False,False,False,fiis_yield_history,"Roteiro de perguntas canônicas para rota fiis_yield_history (histórico de dividend yield mensal por FII). Foco: dy historico, dy mensal, dy 12m/24m, sempre com ticker.",179
Como o dy mensal do VISC11 se comportou nos ultimos 24 meses?,500,,,,,,,,,,,,,,,,,,none,,,,,,,,,,,,,,253.542,,,,fiis_yield_history,fiis_yield_history,False,False,False,fiis_yield_history,"Roteiro de perguntas canônicas para rota fiis_yield_history (histórico de dividend yield mensal por FII). Foco: dy historico, dy mensal, dy 12m/24m, sempre com ticker.",180
DY por mes do HGLG11 em 2023.,200,,gated,Blocked by threshold: low_gap,dividendos_yield,dividendos_yield,2.75,False,base,low_gap,0.9,0.2,0.0,2.75,0.0,0.0,dividendos_yield,fiis_yield_history,list:final_combined,combined;entity;entity_top_telemetry;final_combined;intent;intent_top2_gap_base;intent_top2_gap_final;rag_hint;rag_signal;thresholds_applied,0,,False,False,,response,86400,araquem:dev-20251030:cfg-92bcb8d1:pub:dividendos_yield:plan:5d783434dd540ed224ae27e44feb5bc29e7deb0b799c7fa5b5cbccb21d2299b1,True,False,153,153.0,161.676,,,,fiis_yield_history,fiis_yield_history,False,False,False,fiis_yield_history,"Roteiro de perguntas canônicas para rota fiis_yield_history (histórico de dividend yield mensal por FII). Foco: dy historico, dy mensal, dy 12m/24m, sempre com ticker.",181
Historico de dividend yield do VISC11 nos ultimos 18 meses.,500,,,,,,,,,,,,,,,,,,none,,,,,,,,,,,,,,237.905,,,,fiis_yield_history,fiis_yield_history,False,False,False,fiis_yield_history,"Roteiro de perguntas canônicas para rota fiis_yield_history (histórico de dividend yield mensal por FII). Foco: dy historico, dy mensal, dy 12m/24m, sempre com ticker.",182
Ibovespa hoje (D-1),200,,gated,Blocked by threshold: low_score,history_b3_indexes,history_b3_indexes,0.0,False,base,low_score,0.8,0.1,1.1,0.0,1.1,1.1,history_b3_indexes,client_fiis_performance_vs_benchmark,list:final_combined,combined;entity;entity_top_telemetry;final_combined;intent;intent_top2_gap_base;intent_top2_gap_final;rag_hint;rag_signal;thresholds_applied,0,,False,False,,response,86400,araquem:dev-20251030:cfg-92bcb8d1:pub:history_b3_indexes:plan:d4eb84e70a17d93cdaf8d38f24c6516207c73fd186d13898ed701d03a75cff1a,False,False,155,155.0,159.462,,,,history_b3_indexes,history_b3_indexes,True,True,True,history_b3_indexes,"Suíte de testes para history_b3_indexes — série histórica diária de IBOV, IFIX e IFIL (pontos e variação percentual diária, D-1).",183
Pontos do IFIX de ontem,500,,,,,,,,,,,,,,,,,,none,,,,,,,,,,,,,,289.207,,,,history_b3_indexes,history_b3_indexes,False,False,False,history_b3_indexes,"Suíte de testes para history_b3_indexes — série histórica diária de IBOV, IFIX e IFIL (pontos e variação percentual diária, D-1).",184
Quanto variou o IFIL no dia?,500,,,,,,,,,,,,,,,,,,none,,,,,,,,,,,,,,220.632,,,,history_b3_indexes,history_b3_indexes,False,False,False,history_b3_indexes,"Suíte de testes para history_b3_indexes — série histórica diária de IBOV, IFIX e IFIL (pontos e variação percentual diária, D-1).",185
Variação diária do IBOV,500,,,,,,,,,,,,,,,,,,none,,,,,,,,,,,,,,206.701,,,,history_b3_indexes,history_b3_indexes,False,False,False,history_b3_indexes,"Suíte de testes para history_b3_indexes — série histórica diária de IBOV, IFIX e IFIL (pontos e variação percentual diária, D-1).",186
Histórico recente do IFIX (D-1),200,,gated,Blocked by threshold: low_score,history_b3_indexes,history_b3_indexes,-1.6499999999999995,False,base,low_score,0.8,0.1,1.1,-1.6499999999999995,1.1,1.1,history_b3_indexes,fiis_dividendos,list:final_combined,combined;entity;entity_top_telemetry;final_combined;intent;intent_top2_gap_base;intent_top2_gap_final;rag_hint;rag_signal;thresholds_applied,0,,False,False,,response,86400,araquem:dev-20251030:cfg-92bcb8d1:pub:history_b3_indexes:plan:03ee0e407da8ff55b116af27db74cdb0d7a93ea167da5c88b6ac11dcabe3970a,True,False,202,202.0,208.049,,,,history_b3_indexes,history_b3_indexes,True,True,True,history_b3_indexes,"Suíte de testes para history_b3_indexes — série histórica diária de IBOV, IFIX e IFIL (pontos e variação percentual diária, D-1).",187
Fechamento de ontem do Ibovespa em pontos e porcentagem,500,,,,,,,,,,,,,,,,,,none,,,,,,,,,,,,,,201.792,,,,history_b3_indexes,history_b3_indexes,False,False,False,history_b3_indexes,"Suíte de testes para history_b3_indexes — série histórica diária de IBOV, IFIX e IFIL (pontos e variação percentual diária, D-1).",188
Qual foi a variação do IFIX ontem?,500,,,,,,,,,,,,,,,,,,none,,,,,,,,,,,,,,196.661,,,,history_b3_indexes,history_b3_indexes,False,False,False,history_b3_indexes,"Suíte de testes para history_b3_indexes — série histórica diária de IBOV, IFIX e IFIL (pontos e variação percentual diária, D-1).",189
Como o IFIX se comportou nos últimos 10 pregões?,500,,,,,,,,,,,,,,,,,,none,,,,,,,,,,,,,,213.592,,,,history_b3_indexes,history_b3_indexes,False,False,False,history_b3_indexes,"Suíte de testes para history_b3_indexes — série histórica diária de IBOV, IFIX e IFIL (pontos e variação percentual diária, D-1).",190
Série histórica do IFIL nos últimos 30 dias,200,,gated,Blocked by threshold: low_score,macro_consolidada,macro_consolidada,-1.6499999999999995,False,base,low_score,0.9,0.2,1.1,-1.6499999999999995,1.1,1.1,macro_consolidada,client_fiis_performance_vs_benchmark,list:final_combined,combined;entity;entity_top_telemetry;final_combined;intent;intent_top2_gap_base;intent_top2_gap_final;rag_hint;rag_signal;thresholds_applied,0,,False,False,,response,86400,araquem:dev-20251030:cfg-92bcb8d1:pub:macro_consolidada:plan:5283af8a02544d93fba65c3f3ee86450cf322981a11f1a80fd26f430e5a9e36f,True,False,141,141.0,146.726,,,,history_b3_indexes,history_b3_indexes,False,False,False,history_b3_indexes,"Suíte de testes para history_b3_indexes — série histórica diária de IBOV, IFIX e IFIL (pontos e variação percentual diária, D-1).",191
Pontos do IBOV em D-1,500,,,,,,,,,,,,,,,,,,none,,,,,,,,,,,,,,200.518,,,,history_b3_indexes,history_b3_indexes,False,False,False,history_b3_indexes,"Suíte de testes para history_b3_indexes — série histórica diária de IBOV, IFIX e IFIL (pontos e variação percentual diária, D-1).",192
Variação do IFIX no fechamento de hoje (D-1),500,,,,,,,,,,,,,,,,,,none,,,,,,,,,,,,,,210.055,,,,history_b3_indexes,history_b3_indexes,False,False,False,history_b3_indexes,"Suíte de testes para history_b3_indexes — série histórica diária de IBOV, IFIX e IFIL (pontos e variação percentual diária, D-1).",193
Quanto o IFIL subiu ou caiu ontem?,200,,gated,Blocked by threshold: low_score,history_b3_indexes,history_b3_indexes,-1.0999999999999996,False,base,low_score,0.8,0.1,1.1,-1.0999999999999996,1.1,1.1,history_b3_indexes,client_fiis_performance_vs_benchmark,list:final_combined,combined;entity;entity_top_telemetry;final_combined;intent;intent_top2_gap_base;intent_top2_gap_final;rag_hint;rag_signal;thresholds_applied,0,,False,False,,response,86400,araquem:dev-20251030:cfg-92bcb8d1:pub:history_b3_indexes:plan:8057d6d3fa5f2ec7de38c6e243fb74f10217c97c4bd6143422eacb0035105d3e,True,False,188,188.0,191.78,,,,history_b3_indexes,history_b3_indexes,True,True,True,history_b3_indexes,"Suíte de testes para history_b3_indexes — série histórica diária de IBOV, IFIX e IFIL (pontos e variação percentual diária, D-1).",194
Histórico do IBOV nos últimos 5 dias úteis,500,,,,,,,,,,,,,,,,,,none,,,,,,,,,,,,,,219.389,,,,history_b3_indexes,history_b3_indexes,False,False,False,history_b3_indexes,"Suíte de testes para history_b3_indexes — série histórica diária de IBOV, IFIX e IFIL (pontos e variação percentual diária, D-1).",195
Qual foi a variação diária do IFIX em março de 2025?,500,,,,,,,,,,,,,,,,,,none,,,,,,,,,,,,,,240.421,,,,history_b3_indexes,history_b3_indexes,False,False,False,history_b3_indexes,"Suíte de testes para history_b3_indexes — série histórica diária de IBOV, IFIX e IFIL (pontos e variação percentual diária, D-1).",196
Resumo das últimas variações do IFIX e do IFIL,200,,gated,Blocked by threshold: low_score,client_fiis_performance_vs_benchmark,client_fiis_performance_vs_benchmark,-1.0999999999999996,False,base,low_score,0.8,0.1,0.0,-1.0999999999999996,0.0,0.0,client_fiis_performance_vs_benchmark,fiis_rankings,list:final_combined,combined;entity;entity_top_telemetry;final_combined;intent;intent_top2_gap_base;intent_top2_gap_final;rag_hint;rag_signal;thresholds_applied,0,,False,False,,response,,,True,False,145,145.0,150.069,,,,history_b3_indexes,history_b3_indexes,False,False,False,history_b3_indexes,"Suíte de testes para history_b3_indexes — série histórica diária de IBOV, IFIX e IFIL (pontos e variação percentual diária, D-1).",197
Cotação do dólar hoje,500,,,,,,,,,,,,,,,,,,none,,,,,,,,,,,,,,225.422,,,,history_currency_rates,history_currency_rates,False,False,False,history_currency_rates,Suíte de testes para history_currency_rates — câmbio USD/EUR em BRL D-1,198
Cotação do euro D-1,500,,,,,,,,,,,,,,,,,,none,,,,,,,,,,,,,,242.137,,,,history_currency_rates,history_currency_rates,False,False,False,history_currency_rates,Suíte de testes para history_currency_rates — câmbio USD/EUR em BRL D-1,199
Variação percentual do dólar ontem,500,,,,,,,,,,,,,,,,,,none,,,,,,,,,,,,,,310.472,,,,history_currency_rates,history_currency_rates,False,False,False,history_currency_rates,Suíte de testes para history_currency_rates — câmbio USD/EUR em BRL D-1,200
Quanto está o dólar para compra e venda,500,,,,,,,,,,,,,,,,,,none,,,,,,,,,,,,,,200.071,,,,history_currency_rates,history_currency_rates,False,False,False,history_currency_rates,Suíte de testes para history_currency_rates — câmbio USD/EUR em BRL D-1,201
Qual foi a última cotação do euro,500,,,,,,,,,,,,,,,,,,none,,,,,,,,,,,,,,260.158,,,,history_currency_rates,history_currency_rates,False,False,False,history_currency_rates,Suíte de testes para history_currency_rates — câmbio USD/EUR em BRL D-1,202
Qual a SELIC hoje,500,,,,,,,,,,,,,,,,,,none,,,,,,,,,,,,,,507.836,,,,history_market_indicators,history_market_indicators,False,False,False,history_market_indicators,"Suíte de testes para history_market_indicators — séries históricas e valores pontuais (hoje, ontem) de indicadores macro como SELIC, CDI, IPCA, IGPM e INCC",203
CDI d-1,500,,,,,,,,,,,,,,,,,,none,,,,,,,,,,,,,,457.9,,,,history_market_indicators,history_market_indicators,False,False,False,history_market_indicators,"Suíte de testes para history_market_indicators — séries históricas e valores pontuais (hoje, ontem) de indicadores macro como SELIC, CDI, IPCA, IGPM e INCC",204
IPCA do dia,500,,,,,,,,,,,,,,,,,,none,,,,,,,,,,,,,,241.024,,,,history_market_indicators,history_market_indicators,False,False,False,history_market_indicators,"Suíte de testes para history_market_indicators — séries históricas e valores pontuais (hoje, ontem) de indicadores macro como SELIC, CDI, IPCA, IGPM e INCC",205
Qual o IGPM atual,500,,,,,,,,,,,,,,,,,,none,,,,,,,,,,,,,,537.443,,,,history_market_indicators,history_market_indicators,False,False,False,history_market_indicators,"Suíte de testes para history_market_indicators — séries históricas e valores pontuais (hoje, ontem) de indicadores macro como SELIC, CDI, IPCA, IGPM e INCC",206
Taxa do INCC hoje,500,,,,,,,,,,,,,,,,,,none,,,,,,,,,,,,,,267.933,,,,history_market_indicators,history_market_indicators,False,False,False,history_market_indicators,"Suíte de testes para history_market_indicators — séries históricas e valores pontuais (hoje, ontem) de indicadores macro como SELIC, CDI, IPCA, IGPM e INCC",207
última atualização do ipca,500,,,,,,,,,,,,,,,,,,none,,,,,,,,,,,,,,242.406,,,,history_market_indicators,history_market_indicators,False,False,False,history_market_indicators,"Suíte de testes para history_market_indicators — séries históricas e valores pontuais (hoje, ontem) de indicadores macro como SELIC, CDI, IPCA, IGPM e INCC",208
"Como está o cenário macro hoje para FIIs, considerando Selic, IPCA e câmbio?",500,,,,,,,,,,,,,,,,,,none,,,,,,,,,,,,,,248.455,,,,macro_consolidada,macro_consolidada,False,False,False,macro_consolidada,"Suíte de testes para macro_consolidada — perguntas de cenário macro (juros, inflação, câmbio, índices) e impacto em FIIs.",209
Me explica o cenário de juros e inflação no Brasil em 2025 e o impacto para FIIs?,500,,,,,,,,,,,,,,,,,,none,,,,,,,,,,,,,,299.366,,,,macro_consolidada,macro_consolidada,False,False,False,macro_consolidada,"Suíte de testes para macro_consolidada — perguntas de cenário macro (juros, inflação, câmbio, índices) e impacto em FIIs.",210
"Qual é a relação entre Selic, CDI e o desempenho médio dos FIIs?",500,,,,,,,,,,,,,,,,,,none,,,,,,,,,,,,,,264.187,,,,macro_consolidada,macro_consolidada,False,False,False,macro_consolidada,"Suíte de testes para macro_consolidada — perguntas de cenário macro (juros, inflação, câmbio, índices) e impacto em FIIs.",211
Como a queda da Selic tende a impactar FIIs de tijolo?,500,,,,,,,,,,,,,,,,,,none,,,,,,,,,,,,,,221.951,,,,macro_consolidada,macro_consolidada,False,False,False,macro_consolidada,"Suíte de testes para macro_consolidada — perguntas de cenário macro (juros, inflação, câmbio, índices) e impacto em FIIs.",212
Como um ambiente de juros altos e inflação controlada afeta fundos imobiliários?,500,,,,,,,,,,,,,,,,,,none,,,,,,,,,,,,,,270.413,,,,macro_consolidada,macro_consolidada,False,False,False,macro_consolidada,"Suíte de testes para macro_consolidada — perguntas de cenário macro (juros, inflação, câmbio, índices) e impacto em FIIs.",213
Como a alta do dólar influencia o cenário para FIIs de recebíveis e fundos em geral?,500,,,,,,,,,,,,,,,,,,none,,,,,,,,,,,,,,220.223,,,,macro_consolidada,macro_consolidada,False,False,False,macro_consolidada,"Suíte de testes para macro_consolidada — perguntas de cenário macro (juros, inflação, câmbio, índices) e impacto em FIIs.",214
Qual é o impacto de um IPCA acelerando e Selic estável nos FIIs?,500,,,,,,,,,,,,,,,,,,none,,,,,,,,,,,,,,305.167,,,,macro_consolidada,macro_consolidada,False,False,False,macro_consolidada,"Suíte de testes para macro_consolidada — perguntas de cenário macro (juros, inflação, câmbio, índices) e impacto em FIIs.",215
"Cenário macro atual: juros, inflação e câmbio estão favoráveis ou desfavoráveis para FIIs?",500,,,,,,,,,,,,,,,,,,none,,,,,,,,,,,,,,259.168,,,,macro_consolidada,macro_consolidada,False,False,False,macro_consolidada,"Suíte de testes para macro_consolidada — perguntas de cenário macro (juros, inflação, câmbio, índices) e impacto em FIIs.",216
Como a curva de juros projetada pode afetar o preço dos FIIs nos próximos anos?,500,,,,,,,,,,,,,,,,,,none,,,,,,,,,,,,,,267.133,,,,macro_consolidada,macro_consolidada,False,False,False,macro_consolidada,"Suíte de testes para macro_consolidada — perguntas de cenário macro (juros, inflação, câmbio, índices) e impacto em FIIs.",217
Qual é a importância do IPCA e da Selic para quem vive de renda com FIIs?,500,,,,,,,,,,,,,,,,,,none,,,,,,,,,,,,,,208.701,,,,macro_consolidada,macro_consolidada,False,False,False,macro_consolidada,"Suíte de testes para macro_consolidada — perguntas de cenário macro (juros, inflação, câmbio, índices) e impacto em FIIs.",218
"Me dá um panorama macro consolidado (IPCA, Selic, CDI, IFIX e dólar) pensando em FIIs hoje.",500,,,,,,,,,,,,,,,,,,none,,,,,,,,,,,,,,264.155,,,,macro_consolidada,macro_consolidada,False,False,False,macro_consolidada,"Suíte de testes para macro_consolidada — perguntas de cenário macro (juros, inflação, câmbio, índices) e impacto em FIIs.",219
O ambiente de juros e inflação em 2025 está mais favorável para FIIs de tijolo ou de papel?,200,,gated,Blocked by threshold: low_score,macro_consolidada,macro_consolidada,0.55,False,base,low_score,0.9,0.2,1.1,0.55,1.1,1.1,macro_consolidada,carteira_enriquecida,list:final_combined,combined;entity;entity_top_telemetry;final_combined;intent;intent_top2_gap_base;intent_top2_gap_final;rag_hint;rag_signal;thresholds_applied,0,,False,False,,response,86400,araquem:dev-20251030:cfg-92bcb8d1:pub:macro_consolidada:plan:1ae42784a8fdf4eefe6bf9e7e88bff6005889b64d78e3ec2e854608e0ff1b82c,True,False,175,175.0,179.858,,,,macro_consolidada,macro_consolidada,True,True,True,macro_consolidada,"Suíte de testes para macro_consolidada — perguntas de cenário macro (juros, inflação, câmbio, índices) e impacto em FIIs.",220
Como a combinação de Selic em queda e dólar volátil costuma impactar os fundos imobiliários?,500,,,,,,,,,,,,,,,,,,none,,,,,,,,,,,,,,313.187,,,,macro_consolidada,macro_consolidada,False,False,False,macro_consolidada,"Suíte de testes para macro_consolidada — perguntas de cenário macro (juros, inflação, câmbio, índices) e impacto em FIIs.",221
Como juros altos costumam afetar fundos imobiliários?,500,,,,,,,,,,,,,,,,,,none,,,,,,,,,,,,,,252.746,,,,macro_consolidada,macro_consolidada,False,False,False,macro_consolidada,"Suíte de testes para macro_consolidada — perguntas de cenário macro (juros, inflação, câmbio, índices) e impacto em FIIs.",222
O que significa IPCA alto para FIIs?,500,,,,,,,,,,,,,,,,,,none,,,,,,,,,,,,,,220.28,,,,macro_consolidada,macro_consolidada,False,False,False,macro_consolidada,"Suíte de testes para macro_consolidada — perguntas de cenário macro (juros, inflação, câmbio, índices) e impacto em FIIs.",223
