question,http_status,request_error,explain_enabled,status_status,status_reason,status_message,chosen_intent,chosen_entity,planner_score,gate_accepted,gate_source,gate_reason,gate_min_score,gate_min_gap,gate_gap,score_for_gate,intent_top2_gap_base,intent_top2_gap_final,intent_top1,intent_top2,scoring_mode,scoring_keys,rows_total,result_key,cache_hit,cache_hit_response,cache_hit_metrics,cache_layer,cache_ttl,cache_key,rag_used,fusion_used,elapsed_ms_server,elapsed_ms_total_est,elapsed_ms_client,narrator_used,narrator_latency_ms,narrator_error,answer_text,expected_intent,expected_entity,match_intent,match_entity,match_both,suite_name,suite_description,payload_id,idx,fail_reasons,case_pass
Peso do {{ticker}} na minha carteira,200,,True,,gated,Blocked by threshold: low_score,ticker_query,fiis_precos,-6.6000000000000005,False,base,low_score,0.9,0.05,-6.6000000000000005,-6.6000000000000005,1.0999999999999996,1.0999999999999996,client_fiis_positions,carteira_enriquecida,list:final_combined,combined;entity;entity_top_telemetry;final_combined;intent;intent_top2_gap_base;intent_top2_gap_final;rag_hint;rag_signal;thresholds_applied,0,,False,False,,response,86400,araquem:dev-20251030:cfg-4b3f1d4e:pub:fiis_precos:plan:44f14ae98291ef48af2a1d54d88e54d91c921b56b96f9d0339edacaa2eec973a,True,False,263,263.0,284.431,,,,"Não consegui decidir com segurança entre rotas possíveis (low_score | Blocked by threshold: low_score). Tente reformular especificando o que precisa (ex.: risco, dividendos, preços, cadastro/segmento). Possíveis rotas: client_fiis_positions (0.000), carteira_enriquecida (-1.100), client_fiis_dividends_evolution (-1.100).",carteira_enriquecida,carteira_enriquecida,False,False,False,carteira_enriquecida,Suíte SQL-only gerada a partir de perguntas existentes para carteira_enriquecida.,carteira_enriquecida-q1,1,"['status_not_ok', 'entity_mismatch']",False
Valor investido em {{ticker}} na carteira,200,,True,,gated,Blocked by threshold: low_score,ticker_query,fiis_precos,-1.6500000000000001,False,base,low_score,0.9,0.05,-1.6500000000000001,-1.6500000000000001,0.0,0.0,carteira_enriquecida,client_fiis_dividends_evolution,list:final_combined,combined;entity;entity_top_telemetry;final_combined;intent;intent_top2_gap_base;intent_top2_gap_final;rag_hint;rag_signal;thresholds_applied,0,,False,False,,response,86400,araquem:dev-20251030:cfg-4b3f1d4e:pub:fiis_precos:plan:44f14ae98291ef48af2a1d54d88e54d91c921b56b96f9d0339edacaa2eec973a,True,False,179,179.0,183.854,,,,"Não consegui decidir com segurança entre rotas possíveis (low_score | Blocked by threshold: low_score). Tente reformular especificando o que precisa (ex.: risco, dividendos, preços, cadastro/segmento). Possíveis rotas: carteira_enriquecida (0.550), client_fiis_dividends_evolution (0.550), client_fiis_performance_vs_benchmark (0.550).",carteira_enriquecida,carteira_enriquecida,False,False,False,carteira_enriquecida,Suíte SQL-only gerada a partir de perguntas existentes para carteira_enriquecida.,carteira_enriquecida-q2,2,"['status_not_ok', 'entity_mismatch']",False
DY mensal dos meus FIIs,200,,True,,ok,ok,carteira_enriquecida,carteira_enriquecida,1.6500000000000004,True,base,,0.9,0.2,3.3000000000000003,1.6500000000000004,3.3000000000000003,3.3000000000000003,carteira_enriquecida,client_fiis_dividends_evolution,list:final_combined,combined;entity;entity_top_telemetry;final_combined;intent;intent_top2_gap_base;intent_top2_gap_final;rag_hint;rag_signal;thresholds_applied,0,document_number,False,False,,response,,,True,False,349,349.0,975.159,False,,,Sem posições disponíveis.,carteira_enriquecida,carteira_enriquecida,True,True,True,carteira_enriquecida,Suíte SQL-only gerada a partir de perguntas existentes para carteira_enriquecida.,carteira_enriquecida-q3,3,['status_not_ok'],False
evolução dos dividendos da minha carteira,200,,True,,ok,ok,client_fiis_dividends_evolution,client_fiis_dividends_evolution,7.7,True,base,,0.8,0.1,5.5,7.7,5.5,5.5,client_fiis_dividends_evolution,carteira_enriquecida,list:final_combined,combined;entity;entity_top_telemetry;final_combined;intent;intent_top2_gap_base;intent_top2_gap_final;rag_hint;rag_signal;thresholds_applied,0,dividends_evolution,False,False,,response,,,True,False,492,492.0,687.709,False,,,Sem histórico de dividendos para exibir.,client_fiis_dividends_evolution,client_fiis_dividends_evolution,True,True,True,client_fiis_dividends_evolution,Suíte SQL-only gerada a partir de perguntas existentes para client_fiis_dividends_evolution.,client_fiis_dividends_evolution-q1,4,['status_not_ok'],False
como evoluiu a renda dos meus fiis mês a mês,200,,True,,gated,Blocked by threshold: low_score,ticker_query,fiis_precos,-2.2,False,base,low_score,0.9,0.05,-2.2,-2.2,2.2,2.2,client_fiis_dividends_evolution,carteira_enriquecida,list:final_combined,combined;entity;entity_top_telemetry;final_combined;intent;intent_top2_gap_base;intent_top2_gap_final;rag_hint;rag_signal;thresholds_applied,0,,False,False,,response,86400,araquem:dev-20251030:cfg-4b3f1d4e:pub:fiis_precos:plan:44f14ae98291ef48af2a1d54d88e54d91c921b56b96f9d0339edacaa2eec973a,True,False,162,162.0,167.374,,,,"Não consegui decidir com segurança entre rotas possíveis (low_score | Blocked by threshold: low_score). Tente reformular especificando o que precisa (ex.: risco, dividendos, preços, cadastro/segmento). Possíveis rotas: client_fiis_dividends_evolution (0.000), carteira_enriquecida (-2.200), client_fiis_performance_vs_benchmark (-2.200).",client_fiis_dividends_evolution,client_fiis_dividends_evolution,False,False,False,client_fiis_dividends_evolution,Suíte SQL-only gerada a partir de perguntas existentes para client_fiis_dividends_evolution.,client_fiis_dividends_evolution-q2,5,"['status_not_ok', 'entity_mismatch']",False
quanto minha carteira de fiis recebeu de dividendos em cada mês,200,,True,,ok,ok,client_fiis_dividends_evolution,client_fiis_dividends_evolution,6.6000000000000005,True,base,,0.8,0.1,4.3999999999999995,6.6000000000000005,4.3999999999999995,4.3999999999999995,client_fiis_dividends_evolution,carteira_enriquecida,list:final_combined,combined;entity;entity_top_telemetry;final_combined;intent;intent_top2_gap_base;intent_top2_gap_final;rag_hint;rag_signal;thresholds_applied,0,dividends_evolution,False,False,,response,,,True,False,303,303.0,571.874,False,,,Sem histórico de dividendos para exibir.,client_fiis_dividends_evolution,client_fiis_dividends_evolution,True,True,True,client_fiis_dividends_evolution,Suíte SQL-only gerada a partir de perguntas existentes para client_fiis_dividends_evolution.,client_fiis_dividends_evolution-q3,6,['status_not_ok'],False
rentabilidade da minha carteira de fiis versus o IFIX,200,,True,,ok,ok,client_fiis_performance_vs_benchmark,client_fiis_performance_vs_benchmark,2.750000000000001,True,base,,0.8,0.1,2.2,2.750000000000001,2.2,2.2,client_fiis_performance_vs_benchmark,carteira_enriquecida,list:final_combined,combined;entity;entity_top_telemetry;final_combined;intent;intent_top2_gap_base;intent_top2_gap_final;rag_hint;rag_signal;thresholds_applied,0,performance_vs_benchmark,False,False,,response,,,True,False,613,613.0,901.126,False,,,Sem histórico de performance para exibir.,client_fiis_performance_vs_benchmark,client_fiis_performance_vs_benchmark,True,True,True,client_fiis_performance_vs_benchmark,Suíte SQL-only gerada a partir de perguntas existentes para client_fiis_performance_vs_benchmark.,client_fiis_performance_vs_benchmark-q1,7,['status_not_ok'],False
como minha carteira está em relação ao CDI,200,,True,,ok,ok,carteira_enriquecida,carteira_enriquecida,1.6500000000000004,True,base,,0.9,0.2,2.2,1.6500000000000004,2.2,2.2,carteira_enriquecida,client_fiis_performance_vs_benchmark,list:final_combined,combined;entity;entity_top_telemetry;final_combined;intent;intent_top2_gap_base;intent_top2_gap_final;rag_hint;rag_signal;thresholds_applied,0,document_number,False,False,,response,,,True,False,264,264.0,388.655,False,,,Sem posições disponíveis.,client_fiis_performance_vs_benchmark,client_fiis_performance_vs_benchmark,False,False,False,client_fiis_performance_vs_benchmark,Suíte SQL-only gerada a partir de perguntas existentes para client_fiis_performance_vs_benchmark.,client_fiis_performance_vs_benchmark-q2,8,"['status_not_ok', 'entity_mismatch']",False
comparar minha carteira de fiis com o IFIL,200,,True,,ok,ok,carteira_enriquecida,carteira_enriquecida,2.2,True,base,,0.9,0.2,3.2999999999999994,2.2,3.2999999999999994,3.2999999999999994,carteira_enriquecida,client_fiis_performance_vs_benchmark,list:final_combined,combined;entity;entity_top_telemetry;final_combined;intent;intent_top2_gap_base;intent_top2_gap_final;rag_hint;rag_signal;thresholds_applied,0,document_number,False,False,,response,,,True,False,231,231.0,288.526,False,,,Sem posições disponíveis.,client_fiis_performance_vs_benchmark,client_fiis_performance_vs_benchmark,False,False,False,client_fiis_performance_vs_benchmark,Suíte SQL-only gerada a partir de perguntas existentes para client_fiis_performance_vs_benchmark.,client_fiis_performance_vs_benchmark-q3,9,"['status_not_ok', 'entity_mismatch']",False
resumo da performance da minha carteira de fiis versus o IFIX,200,,True,,ok,ok,client_fiis_performance_vs_benchmark_summary,client_fiis_performance_vs_benchmark_summary,3.8500000000000014,True,base,,0.8,0.1,3.3000000000000007,3.8500000000000014,3.3000000000000007,3.3000000000000007,client_fiis_performance_vs_benchmark_summary,carteira_enriquecida,list:final_combined,combined;entity;entity_top_telemetry;final_combined;intent;intent_top2_gap_base;intent_top2_gap_final;rag_hint;rag_signal;thresholds_applied,0,client_fiis_performance_vs_benchmark_summary,False,False,,response,,,True,False,622,622.0,767.66,False,,,Nenhum dado de performance vs benchmark encontrado para sua carteira.,client_fiis_performance_vs_benchmark_summary,client_fiis_performance_vs_benchmark_summary,True,True,True,client_fiis_performance_vs_benchmark_summary,Suíte SQL-only gerada a partir de perguntas existentes para client_fiis_performance_vs_benchmark_summary.,client_fiis_performance_vs_benchmark_summary-q1,10,['status_not_ok'],False
última leitura da carteira vs CDI,200,,True,,ok,ok,client_fiis_performance_vs_benchmark_summary,client_fiis_performance_vs_benchmark_summary,9.899999999999999,True,base,,0.8,0.1,9.899999999999999,9.899999999999999,9.899999999999999,9.899999999999999,client_fiis_performance_vs_benchmark_summary,macro_consolidada,list:final_combined,combined;entity;entity_top_telemetry;final_combined;intent;intent_top2_gap_base;intent_top2_gap_final;rag_hint;rag_signal;thresholds_applied,0,client_fiis_performance_vs_benchmark_summary,False,False,,response,,,True,False,258,258.0,608.855,False,,,Nenhum dado de performance vs benchmark encontrado para sua carteira.,client_fiis_performance_vs_benchmark_summary,client_fiis_performance_vs_benchmark_summary,True,True,True,client_fiis_performance_vs_benchmark_summary,Suíte SQL-only gerada a partir de perguntas existentes para client_fiis_performance_vs_benchmark_summary.,client_fiis_performance_vs_benchmark_summary-q2,11,['status_not_ok'],False
performance acumulada da carteira contra o IBOV,200,,True,,ok,ok,client_fiis_performance_vs_benchmark_summary,client_fiis_performance_vs_benchmark_summary,2.2,True,base,,0.8,0.1,3.3000000000000003,2.2,0.0,0.0,client_fiis_performance_vs_benchmark,client_fiis_performance_vs_benchmark_summary,list:final_combined,combined;entity;entity_top_telemetry;final_combined;intent;intent_top2_gap_base;intent_top2_gap_final;rag_hint;rag_signal;thresholds_applied,0,client_fiis_performance_vs_benchmark_summary,False,False,,response,,,True,False,278,278.0,412.859,False,,,Nenhum dado de performance vs benchmark encontrado para sua carteira.,client_fiis_performance_vs_benchmark_summary,client_fiis_performance_vs_benchmark_summary,True,True,True,client_fiis_performance_vs_benchmark_summary,Suíte SQL-only gerada a partir de perguntas existentes para client_fiis_performance_vs_benchmark_summary.,client_fiis_performance_vs_benchmark_summary-q3,12,['status_not_ok'],False
Como está distribuída a carteira de FIIs por setor ou classe de ativo?,200,,True,,ok,ok,client_fiis_positions,client_fiis_positions,2.75,True,base,,0.8,0.1,2.2,2.75,2.2,2.2,client_fiis_positions,carteira_enriquecida,list:final_combined,combined;entity;entity_top_telemetry;final_combined;intent;intent_top2_gap_base;intent_top2_gap_final;rag_hint;rag_signal;thresholds_applied,0,positions,False,False,,response,,,True,False,248,248.0,394.151,False,,,Sem posições disponíveis.,client_fiis_positions,client_fiis_positions,True,True,True,client_fiis_positions,Suíte SQL-only gerada a partir de perguntas existentes para client_fiis_positions.,client_fiis_positions-q1,13,['status_not_ok'],False
Quais posições aumentaram ou reduziram desde o último período de referência?,200,,True,,ok,ok,fiis_rankings,fiis_rankings,1.1,True,base,,1.0,0.2,1.1,1.1,0.0,0.0,client_fiis_performance_vs_benchmark_summary,client_fiis_positions,list:final_combined,combined;entity;entity_top_telemetry;final_combined;intent;intent_top2_gap_base;intent_top2_gap_final;rag_hint;rag_signal;thresholds_applied,0,rankings_fii,False,False,,response,86400,araquem:dev-20251030:cfg-4b3f1d4e:pub:fiis_rankings:plan:dd86d6f6fbe409322353cfef2d33d1cae3fe8fb10aa3a49a13f9d5ee8bd95133,True,False,208,208.0,378.096,False,,,Sem rankings disponíveis.,client_fiis_positions,client_fiis_positions,False,False,False,client_fiis_positions,Suíte SQL-only gerada a partir de perguntas existentes para client_fiis_positions.,client_fiis_positions-q2,14,"['status_not_ok', 'entity_mismatch']",False
Existe concentração relevante em um único FII ou em poucos emissores?,200,,True,,gated,Blocked by threshold: low_score,ticker_query,fiis_precos,-0.55,False,base,low_score,0.9,0.05,-0.55,-0.55,1.1,1.1,fiis_noticias,carteira_enriquecida,list:final_combined,combined;entity;entity_top_telemetry;final_combined;intent;intent_top2_gap_base;intent_top2_gap_final;rag_hint;rag_signal;thresholds_applied,0,,False,False,,response,86400,araquem:dev-20251030:cfg-4b3f1d4e:pub:fiis_precos:plan:44f14ae98291ef48af2a1d54d88e54d91c921b56b96f9d0339edacaa2eec973a,True,False,187,187.0,190.912,,,,"Não consegui decidir com segurança entre rotas possíveis (low_score | Blocked by threshold: low_score). Tente reformular especificando o que precisa (ex.: risco, dividendos, preços, cadastro/segmento). Possíveis rotas: fiis_noticias (0.550), carteira_enriquecida (-0.550), client_fiis_dividends_evolution (-0.550).",client_fiis_positions,client_fiis_positions,False,False,False,client_fiis_positions,Suíte SQL-only gerada a partir de perguntas existentes para client_fiis_positions.,client_fiis_positions-q3,15,"['status_not_ok', 'entity_mismatch']",False
Qual foi o DY mensal do {{ticker}} em {{mês/ano}}?,200,,True,,ok,ok,fiis_yield_history,fiis_yield_history,3.8499999999999996,True,base,,0.9,0.15,3.3,3.8499999999999996,3.3,3.3,fiis_yield_history,client_fiis_dividends_evolution,list:final_combined,combined;entity;entity_top_telemetry;final_combined;intent;intent_top2_gap_base;intent_top2_gap_final;rag_hint;rag_signal;thresholds_applied,0,yield_history,False,False,,response,86400,araquem:dev-20251030:cfg-4b3f1d4e:pub:fiis_yield_history:plan:dfa68373dd2b003620472dce25449aefa95763f46040b563d4bad70e90fd1045,True,False,187,187.0,296.114,False,,,Nenhum registro encontrado.,dividendos_yield,dividendos_yield,False,False,False,dividendos_yield,Suíte SQL-only gerada a partir de perguntas existentes para dividendos_yield.,dividendos_yield-q1,16,"['status_not_ok', 'entity_mismatch']",False
Mostre dividendos e dividend yield do {{ticker}} nos últimos 12 meses.,200,,True,,ok,ok,fiis_yield_history,fiis_yield_history,4.949999999999999,True,base,,0.9,0.15,4.3999999999999995,4.949999999999999,4.3999999999999995,4.3999999999999995,fiis_yield_history,dividendos_yield,list:final_combined,combined;entity;entity_top_telemetry;final_combined;intent;intent_top2_gap_base;intent_top2_gap_final;rag_hint;rag_signal;thresholds_applied,0,yield_history,False,False,,response,86400,araquem:dev-20251030:cfg-4b3f1d4e:pub:fiis_yield_history:plan:dfa68373dd2b003620472dce25449aefa95763f46040b563d4bad70e90fd1045,True,False,224,224.0,321.529,False,,,Nenhum registro encontrado.,dividendos_yield,dividendos_yield,False,False,False,dividendos_yield,Suíte SQL-only gerada a partir de perguntas existentes para dividendos_yield.,dividendos_yield-q2,17,"['status_not_ok', 'entity_mismatch']",False
Quanto o {{ticker}} pagou em dividendos no mês passado?,200,,True,,ok,ok,fiis_dividendos,fiis_dividendos,2.2,True,base,,0.9,0.15,1.1,2.2,1.1,1.1,fiis_dividendos,client_fiis_dividends_evolution,list:final_combined,combined;entity;entity_top_telemetry;final_combined;intent;intent_top2_gap_base;intent_top2_gap_final;rag_hint;rag_signal;thresholds_applied,0,dividendos_fii,False,False,,response,86400,araquem:dev-20251030:cfg-4b3f1d4e:pub:fiis_dividendos:plan:732514be3d4ddda1d81e7c4936546d27e5ea55b0860da5b270993305228bfac1,True,False,229,229.0,330.136,False,,,Nenhum registro encontrado.,dividendos_yield,dividendos_yield,False,False,False,dividendos_yield,Suíte SQL-only gerada a partir de perguntas existentes para dividendos_yield.,dividendos_yield-q3,18,"['status_not_ok', 'entity_mismatch']",False
resumo do HGLG11,200,,True,,ok,ok,fii_overview,fii_overview,7.699999999999999,True,base,,1.0,0.2,6.6,7.699999999999999,6.6,6.6,fii_overview,client_fiis_performance_vs_benchmark_summary,list:final_combined,combined;entity;entity_top_telemetry;final_combined;intent;intent_top2_gap_base;intent_top2_gap_final;rag_hint;rag_signal;thresholds_applied,1,fii_overview,False,False,,response,86400,araquem:dev-20251030:cfg-4b3f1d4e:pub:fii_overview:plan:67a6bbe39e001a2c0f4c4f0ca7624e849c271575df1d1e87a7d1c7b4cee22f17,True,False,294,294.0,417.405,False,,,"### Overview do HGLG11

- Nome: **Pátria Log Fundo Investimento Imobiliário Responsabilidade Ltda**
- Classificação e gestão: **Tijolo / Ativa**
- Setor e subsetor: **Imóveis Industriais e Logísticos / Multicategoria**
- DY mensal / 12m: **0,70% / 8,38%**

| Código | Nome | Classificação | Setor | Subsetor | Tipo de gestão | DY mensal (%) | DY 12m (%) | Último dividendo (R$) | Último pagamento | Valor de mercado (R$) | Atualizado em |
| --- | --- | --- | --- | --- | --- | ---: | ---: | ---: | --- | ---: | --- |
| HGLG11 | Pátria Log Fundo Investimento Imobiliário Responsabilidade Ltda | Tijolo | Imóveis Industriais e Logísticos | Multicategoria | Ativa | 0,70% | 8,38% | R$ 1,10 | 2025-12-12 00:00:00 | R$ 6.634.211.404,00 | 2025-12-31 00:00:00 |

**Detalhes**

| Código | Mercado-alvo | Exclusivo | Dividendos 12m (R$) | P/BV | PL por cota (R$) | Receita por cota | Payout (%) | Taxa de crescimento | Cap rate | Alavancagem | Patrimônio líquido (R$) | Nº de cotas | Nº de cotistas | Variação mês (%) | Variação ano (%) | Volatilidade | Sharpe | Sortino | Máx. drawdown | Peso IFIX (%) | Peso IFIL (%) | Rank usuários | Rank Sírios | Rank IFIX | Rank IFIL | Rank DY 12m | Rank DY mensal | Rank dividendos 12m | Rank valor de mercado | Rank patrimônio líquido | Snapshot criado em | Indicadores de risco criados em | Indicadores de risco atualizados em | Rankings atualizados em |
| --- | --- | --- | ---: | ---: | ---: | ---: | ---: | ---: | ---: | ---: | ---: | ---: | ---: | ---: | ---: | ---: | ---: | ---: | ---: | ---: | ---: | ---: | ---: | ---: | ---: | ---: | ---: | ---: | ---: | --- | --- | --- | --- |
| HGLG11 | Investidores Em Geral | Não | R$ 13,20 | 121,90% | 129.256 | 4.947 | 0,00% | 33.169 | 0.000 | 0,23 | 5481068156.00 | 42404675 | 40600112.01 | 2,77% | 9,04% | 1,49 | -0,98 | -0,09 | 8,66% | 3,71% | 4,21% | 0 | 0 | 4 | 4 | 261 | 309 | 61 | 4 | 4 | 2024-05-22 00:00:00 | 2024-05-22 00:00:00 | 2025-12-31 00:00:00 | 2025-12-31 00:00:00 |",fii_overview,fii_overview,True,True,True,fii_overview,Suíte SQL-only gerada a partir de perguntas existentes para fii_overview.,fii_overview-q1,19,['status_not_ok'],False
como está o KNRI11 hoje?,200,,True,,ok,ok,fiis_precos,fiis_precos,4.4,True,base,,0.9,0.05,3.3000000000000003,4.4,3.3000000000000003,3.3000000000000003,fiis_precos,fiis_noticias,list:final_combined,combined;entity;entity_top_telemetry;final_combined;intent;intent_top2_gap_base;intent_top2_gap_final;rag_hint;rag_signal;thresholds_applied,1,precos_fii,False,False,,response,86400,araquem:dev-20251030:cfg-4b3f1d4e:pub:fiis_precos:plan:e6c4425bcbb58046232f50cc9b43dd79eb6189ce72d7fec591cf2adbbf6ddd9c,True,False,273,273.0,347.266,False,,,"| Data | Código | Preço de fechamento (R$) | Preço ajustado (R$) | Abertura (R$) | Máxima (R$) | Mínima (R$) | Variação diária (%) | Criado em | Atualizado em |
| --- | --- | ---: | ---: | ---: | ---: | ---: | ---: | --- | --- |
| 30/12/2025 | KNRI11 | R$ 153,80 | 153.80 | R$ 159,50 | R$ 159,58 | R$ 153,80 | -3,57% | 2025-12-31 00:00:00 | 2025-12-31 00:00:00 |",fii_overview,fii_overview,False,False,False,fii_overview,Suíte SQL-only gerada a partir de perguntas existentes para fii_overview.,fii_overview-q2,20,"['status_not_ok', 'entity_mismatch']",False
me dê um overview do MXRF11,200,,True,,ok,ok,fii_overview,fii_overview,7.699999999999999,True,base,,1.0,0.2,6.6,7.699999999999999,6.6,6.6,fii_overview,carteira_enriquecida,list:final_combined,combined;entity;entity_top_telemetry;final_combined;intent;intent_top2_gap_base;intent_top2_gap_final;rag_hint;rag_signal;thresholds_applied,1,fii_overview,False,False,,response,86400,araquem:dev-20251030:cfg-4b3f1d4e:pub:fii_overview:plan:9e2c0fa2da2190c7d02c8809f42130600b271b1c4583e80d0963285580f1d5d2,True,False,223,223.0,324.992,False,,,"### Overview do MXRF11

- Nome: **Maxi Renda Fundo Investimento Imobiliario FII**
- Classificação e gestão: **Papel / Ativa**
- Setor e subsetor: **Títulos e Valores Mobiliários / Logística**
- DY mensal / 12m: **1,05% / 12,26%**

| Código | Nome | Classificação | Setor | Subsetor | Tipo de gestão | DY mensal (%) | DY 12m (%) | Último dividendo (R$) | Último pagamento | Valor de mercado (R$) | Atualizado em |
| --- | --- | --- | --- | --- | --- | ---: | ---: | ---: | --- | ---: | --- |
| MXRF11 | Maxi Renda Fundo Investimento Imobiliario FII | Papel | Títulos e Valores Mobiliários | Logística | Ativa | 1,05% | 12,26% | R$ 0,10 | 2025-12-12 00:00:00 | R$ 4.390.971.326,00 | 2025-12-31 00:00:00 |

**Detalhes**

| Código | Mercado-alvo | Exclusivo | Dividendos 12m (R$) | P/BV | PL por cota (R$) | Receita por cota | Payout (%) | Taxa de crescimento | Cap rate | Alavancagem | Patrimônio líquido (R$) | Nº de cotas | Nº de cotistas | Variação mês (%) | Variação ano (%) | Volatilidade | Sharpe | Sortino | Máx. drawdown | Peso IFIX (%) | Peso IFIL (%) | Rank usuários | Rank Sírios | Rank IFIX | Rank IFIL | Rank DY 12m | Rank DY mensal | Rank dividendos 12m | Rank valor de mercado | Rank patrimônio líquido | Snapshot criado em | Indicadores de risco criados em | Indicadores de risco atualizados em | Rankings atualizados em |
| --- | --- | --- | ---: | ---: | ---: | ---: | ---: | ---: | ---: | ---: | ---: | ---: | ---: | ---: | ---: | ---: | ---: | ---: | ---: | ---: | ---: | ---: | ---: | ---: | ---: | ---: | ---: | ---: | ---: | --- | --- | --- | --- |
| MXRF11 | Investidores Em Geral | Não | R$ 1,17 | 105,70% | 9.025 | 0.070 | 0,00% | 5.043 | 0.000 | 0,01 | 4154120032.00 | 460269531 | 45172971.18 | 1,07% | 15,96% | 1,28 | -1,63 | -0,13 | 9,89% | 2,90% | 3,29% | 0 | 0 | 7 | 7 | 154 | 171 | 275 | 7 | 7 | 2024-05-22 00:00:00 | 2024-05-22 00:00:00 | 2025-12-31 00:00:00 | 2025-12-31 00:00:00 |",fii_overview,fii_overview,True,True,True,fii_overview,Suíte SQL-only gerada a partir de perguntas existentes para fii_overview.,fii_overview-q3,21,['status_not_ok'],False
qual o CNPJ do HGLG11?,200,,True,,ok,ok,fiis_cadastro,fiis_cadastro,10.999999999999998,True,base,,1.0,0.2,10.999999999999998,10.999999999999998,9.899999999999999,9.899999999999999,fiis_cadastro,ticker_query,list:final_combined,combined;entity;entity_top_telemetry;final_combined;intent;intent_top2_gap_base;intent_top2_gap_final;rag_hint;rag_signal;thresholds_applied,1,cadastro_fii,False,False,,response,86400,araquem:dev-20251030:cfg-4b3f1d4e:pub:fiis_cadastro:plan:aca622bb7137e79032cf90201f59831df0b1fe3383a61cd02c341d700aacbcc0,True,False,220,220.0,368.021,False,,,"**HGLG11 — Pátria Log Fundo Investimento Imobiliário Responsabilidade Ltda**

- CNPJ do fundo: **11.728.688/0001-47**
- Nome de pregão (B3): **FII HGLG Pax**
- Classificação / gestão: **Tijolo / Ativa**
- Setor / Subsetor: **Imóveis Industriais e Logísticos / Multicategoria**
- Público-alvo: **Investidores Em Geral**
- Fundo exclusivo: **Não**
- Código ISIN: **BRHGLGCTF004**
- Data de IPO: **2010-05-03 00:00:00**
- Site oficial: **[Acessar site](https://www.bancogenial.com/)**- Administrador: **Banco Genial S.A.**
- CNPJ do administrador: **45.246.410/0001-55**
- Custodiante: **Banco Genial S.A.**
- Peso no IFIX / IFIL: **3,71% / 4,21%**
- Nº de cotas / cotistas: **42404675 / 40600112.01**- Criado em: **2024-05-22 00:00:00**
- Atualizado em: **2025-12-31 00:00:00**",fiis_cadastro,fiis_cadastro,True,True,True,fiis_cadastro,Suíte SQL-only gerada a partir de perguntas existentes para fiis_cadastro.,fiis_cadastro-q1,22,['status_not_ok'],False
quem administra o VISC11?,200,,True,,ok,ok,fiis_cadastro,fiis_cadastro,3.3,True,base,,1.0,0.2,3.3,3.3,2.1999999999999997,2.1999999999999997,fiis_cadastro,ticker_query,list:final_combined,combined;entity;entity_top_telemetry;final_combined;intent;intent_top2_gap_base;intent_top2_gap_final;rag_hint;rag_signal;thresholds_applied,1,cadastro_fii,False,False,,response,86400,araquem:dev-20251030:cfg-4b3f1d4e:pub:fiis_cadastro:plan:4c96f1228b861248cd1652d6261c337f3006dacb265903215ade25677980c28d,True,False,282,282.0,419.399,False,,,"**VISC11 — Vinci Shopping Centers Fundo Invest Imobiliario FII**

- CNPJ do fundo: **17.554.274/0001-25**
- Nome de pregão (B3): **FII Vinci Sc**
- Classificação / gestão: **Tijolo / Ativa**
- Setor / Subsetor: **Shoppings / Shoppings**
- Público-alvo: **Investidores Em Geral**
- Fundo exclusivo: **Não**
- Código ISIN: **BRVISCCTF005**
- Data de IPO: **2013-08-07 00:00:00**
- Site oficial: **[Acessar site](https://www.apexgroup.com/apex-brazil/)**- Administrador: **Brl Trust Dtvm S.A.**
- CNPJ do administrador: **13.486.793/0001-42**
- Custodiante: **Brl Trust Dtvm S.A.**
- Peso no IFIX / IFIL: **2,19% / 2,49%**
- Nº de cotas / cotistas: **28828640 / 23417562.73**- Criado em: **2024-05-22 00:00:00**
- Atualizado em: **2025-12-31 00:00:00**",fiis_cadastro,fiis_cadastro,True,True,True,fiis_cadastro,Suíte SQL-only gerada a partir de perguntas existentes para fiis_cadastro.,fiis_cadastro-q2,23,['status_not_ok'],False
qual o site oficial do MXRF11?,200,,True,,ok,ok,fiis_cadastro,fiis_cadastro,8.8,True,base,,1.0,0.2,8.8,8.8,7.700000000000001,7.700000000000001,fiis_cadastro,ticker_query,list:final_combined,combined;entity;entity_top_telemetry;final_combined;intent;intent_top2_gap_base;intent_top2_gap_final;rag_hint;rag_signal;thresholds_applied,1,cadastro_fii,False,False,,response,86400,araquem:dev-20251030:cfg-4b3f1d4e:pub:fiis_cadastro:plan:15720166823dbd45e195d32f31d66dc1a948b7fadc4a4cc4d016c136bcabb094,True,False,289,289.0,361.149,False,,,"**MXRF11 — Maxi Renda Fundo Investimento Imobiliario FII**

- CNPJ do fundo: **97.521.225/0001-25**
- Nome de pregão (B3): **FII Maxi Ren**
- Classificação / gestão: **Papel / Ativa**
- Setor / Subsetor: **Títulos e Valores Mobiliários / Logística**
- Público-alvo: **Investidores Em Geral**
- Fundo exclusivo: **Não**
- Código ISIN: **BRMXRFCTF008**
- Data de IPO: **2012-04-13 00:00:00**
- Site oficial: **[Acessar site](https://www.btgpactual.com)**- Administrador: **Btg Pactual Servicos Financeiros S/A Dtvm**
- CNPJ do administrador: **59.281.253/0001-23**
- Custodiante: **Banco Btg Pactual S A**
- Peso no IFIX / IFIL: **2,90% / 3,29%**
- Nº de cotas / cotistas: **460269531 / 45172971.18**- Criado em: **2024-05-22 00:00:00**
- Atualizado em: **2025-12-31 00:00:00**",fiis_cadastro,fiis_cadastro,True,True,True,fiis_cadastro,Suíte SQL-only gerada a partir de perguntas existentes para fiis_cadastro.,fiis_cadastro-q3,24,['status_not_ok'],False
quais dividendos o MXRF11 pagou neste mês?,200,,True,,ok,ok,fiis_dividendos,fiis_dividendos,2.2,True,base,,0.9,0.15,1.1,2.2,1.1,1.1,fiis_dividendos,client_fiis_dividends_evolution,list:final_combined,combined;entity;entity_top_telemetry;final_combined;intent;intent_top2_gap_base;intent_top2_gap_final;rag_hint;rag_signal;thresholds_applied,12,dividendos_fii,False,False,,response,86400,araquem:dev-20251030:cfg-4b3f1d4e:pub:fiis_dividendos:plan:fc8b960aa5fc19ee241d3d19a5c289c135406161c41e2d73960b1d4bfa65d908,True,False,210,210.0,269.135,False,,,"**Dividendos de MXRF11**

    Último pagamento em 18/03/2025: **R$ 0,09** por cota.

    | Data de pagamento | Data-com | Valor por cota |
    | --- | --- | --- |
      | 12/12/2025 | 28/11/2025 | R$ 0,10 |
      | 07/11/2025 | 31/10/2025 | R$ 0,10 |
      | 14/10/2025 | 30/09/2025 | R$ 0,10 |
      | 12/09/2025 | 29/08/2025 | R$ 0,10 |
      | 14/08/2025 | 31/07/2025 | R$ 0,10 |
      | 14/07/2025 | 30/06/2025 | R$ 0,10 |
      | 13/06/2025 | 30/05/2025 | R$ 0,10 |
      | 15/05/2025 | 30/04/2025 | R$ 0,10 |
      | 14/04/2025 | 31/03/2025 | R$ 0,09 |
      | 18/03/2025 | 28/02/2025 | R$ 0,09 |
      | 14/02/2025 | 31/01/2025 | R$ 0,09 |
      | 14/01/2025 | 30/12/2024 | R$ 0,10 |",fiis_dividendos,fiis_dividendos,True,True,True,fiis_dividendos,Suíte SQL-only gerada a partir de perguntas existentes para fiis_dividendos.,fiis_dividendos-q1,25,['status_not_ok'],False
quando foi o último pagamento do HGLG11?,200,,True,,ok,ok,fiis_dividendos,fiis_dividendos,4.4,True,base,,0.9,0.15,3.3000000000000003,4.4,3.3000000000000003,3.3000000000000003,fiis_dividendos,client_fiis_performance_vs_benchmark_summary,list:final_combined,combined;entity;entity_top_telemetry;final_combined;intent;intent_top2_gap_base;intent_top2_gap_final;rag_hint;rag_signal;thresholds_applied,1,dividendos_fii,False,False,,response,86400,araquem:dev-20251030:cfg-4b3f1d4e:pub:fiis_dividendos:plan:183de4bb0701b315ce8ac601a9a949e1e3a306d25e067c962d8ca89de96aea5b,True,False,306,306.0,384.126,False,,,"**Dividendos de HGLG11**

    Último pagamento em 12/12/2025: **R$ 1,10** por cota.

    | Data de pagamento | Data-com | Valor por cota |
    | --- | --- | --- |
      | 12/12/2025 | 28/11/2025 | R$ 1,10 |",fiis_dividendos,fiis_dividendos,True,True,True,fiis_dividendos,Suíte SQL-only gerada a partir de perguntas existentes para fiis_dividendos.,fiis_dividendos-q2,26,['status_not_ok'],False
qual o dividendo do CPTS11 com data-com mais recente?,200,,True,,ok,ok,fiis_dividendos,fiis_dividendos,7.699999999999999,True,base,,0.9,0.15,6.6,7.699999999999999,6.6,6.6,fiis_dividendos,macro_consolidada,list:final_combined,combined;entity;entity_top_telemetry;final_combined;intent;intent_top2_gap_base;intent_top2_gap_final;rag_hint;rag_signal;thresholds_applied,1,dividendos_fii,False,False,,response,86400,araquem:dev-20251030:cfg-4b3f1d4e:pub:fiis_dividendos:plan:936f0f5aea9a1c60902bfd38eaf0cd804c2db9db732914120a31aa68a6a12eb9,True,False,294,294.0,394.603,False,,,"**Dividendos de CPTS11**

    Último pagamento em 17/12/2025: **R$ 0,09** por cota.

    | Data de pagamento | Data-com | Valor por cota |
    | --- | --- | --- |
      | 17/12/2025 | 10/12/2025 | R$ 0,09 |",fiis_dividendos,fiis_dividendos,True,True,True,fiis_dividendos,Suíte SQL-only gerada a partir de perguntas existentes para fiis_dividendos.,fiis_dividendos-q3,27,['status_not_ok'],False
receita com vencimento em 0–3 meses do HGLG11,200,,True,,ok,ok,fiis_financials_revenue_schedule,fiis_financials_revenue_schedule,5.5,True,base,,0.8,0.15,4.4,5.5,4.4,4.4,fiis_financials_revenue_schedule,client_fiis_performance_vs_benchmark,list:final_combined,combined;entity;entity_top_telemetry;final_combined;intent;intent_top2_gap_base;intent_top2_gap_final;rag_hint;rag_signal;thresholds_applied,1,financials_revenue,False,False,,response,86400,araquem:dev-20251030:cfg-4b3f1d4e:pub:fiis_financials_revenue_schedule:plan:2e578e4ad9f2ddf2a667a4047fa6697776a5b32f35bf407e024efcb9a7d1c1db,True,False,273,273.0,366.534,False,,,"**Estrutura de receitas do HGLG11**

- Curto prazo (0–12m): **0–3m 13,47%**, **3–6m 5,18%**, **6–9m 2,05%**, **9–12m 0,96%**
- Médio prazo (12–36m): **12–15m 1,81%**, **15–18m 3,03%**, **18–21m 3,58%**, **21–24m 7,55%**, **24–27m 1,54%**, **27–30m 1,88%**, **30–33m 1,14%**, **33–36m 1,00%**
- Longo prazo e indefinido: **>36m 56,76%**, **Indeterminado 0,00%**
- Indexadores da receita: **IPCA 86,00%**, **IGPM 13,00%**, **INPC 0,00%**, **INCC 0,00%**",fiis_financials_revenue_schedule,fiis_financials_revenue_schedule,True,True,True,fiis_financials_revenue_schedule,Suíte SQL-only gerada a partir de perguntas existentes para fiis_financials_revenue_schedule.,fiis_financials_revenue_schedule-q1,28,['status_not_ok'],False
quanto vence em 12 meses do XPML11,200,,True,,ok,ok,fiis_financials_revenue_schedule,fiis_financials_revenue_schedule,7.699999999999999,True,base,,0.8,0.15,3.299999999999999,7.699999999999999,3.299999999999999,3.299999999999999,fiis_financials_revenue_schedule,fiis_yield_history,list:final_combined,combined;entity;entity_top_telemetry;final_combined;intent;intent_top2_gap_base;intent_top2_gap_final;rag_hint;rag_signal;thresholds_applied,1,financials_revenue,False,False,,response,86400,araquem:dev-20251030:cfg-4b3f1d4e:pub:fiis_financials_revenue_schedule:plan:9016ae7bff195f02edb66fbc36bea32ff47689ce986e4378c0e6f8a5a3970363,True,False,341,341.0,445.992,False,,,"**Estrutura de receitas do XPML11**

- Curto prazo (0–12m): **0–3m 0,00%**, **3–6m 0,00%**, **6–9m 0,00%**, **9–12m 0,00%**
- Médio prazo (12–36m): **12–15m 0,00%**, **15–18m 0,00%**, **18–21m 0,00%**, **21–24m 0,00%**, **24–27m 0,00%**, **27–30m 0,00%**, **30–33m 0,00%**, **33–36m 0,00%**
- Longo prazo e indefinido: **>36m 0,00%**, **Indeterminado 0,00%**
- Indexadores da receita: **IPCA 0,00%**, **IGPM 0,00%**, **INPC 0,00%**, **INCC 0,00%**",fiis_financials_revenue_schedule,fiis_financials_revenue_schedule,True,True,True,fiis_financials_revenue_schedule,Suíte SQL-only gerada a partir de perguntas existentes para fiis_financials_revenue_schedule.,fiis_financials_revenue_schedule-q2,29,['status_not_ok'],False
estrutura de recebíveis do VISC11,200,,True,,ok,ok,fiis_financials_revenue_schedule,fiis_financials_revenue_schedule,7.699999999999999,True,base,,0.8,0.15,7.699999999999999,7.699999999999999,6.6,6.6,fiis_financials_revenue_schedule,ticker_query,list:final_combined,combined;entity;entity_top_telemetry;final_combined;intent;intent_top2_gap_base;intent_top2_gap_final;rag_hint;rag_signal;thresholds_applied,1,financials_revenue,False,False,,response,86400,araquem:dev-20251030:cfg-4b3f1d4e:pub:fiis_financials_revenue_schedule:plan:13facb255b140616b63464e95edcc0dc75638abe72ba42726289df2dd211b44a,True,False,226,226.0,299.351,False,,,"**Estrutura de receitas do VISC11**

- Curto prazo (0–12m): **0–3m 4,02%**, **3–6m 2,44%**, **6–9m 2,22%**, **9–12m 4,07%**
- Médio prazo (12–36m): **12–15m 2,31%**, **15–18m 2,85%**, **18–21m 2,89%**, **21–24m 3,70%**, **24–27m 3,01%**, **27–30m 2,89%**, **30–33m 2,43%**, **33–36m 6,62%**
- Longo prazo e indefinido: **>36m 39,66%**, **Indeterminado 20,84%**
- Indexadores da receita: **IPCA 1,87%**, **IGPM 60,49%**, **INPC 0,80%**, **INCC 0,00%**",fiis_financials_revenue_schedule,fiis_financials_revenue_schedule,True,True,True,fiis_financials_revenue_schedule,Suíte SQL-only gerada a partir de perguntas existentes para fiis_financials_revenue_schedule.,fiis_financials_revenue_schedule-q3,30,['status_not_ok'],False
qual o Sharpe do HGRU11?,200,,True,,ok,ok,fiis_financials_risk,fiis_financials_risk,4.4,True,base,,0.85,0.2,4.4,4.4,4.4,4.4,fiis_financials_risk,carteira_enriquecida,list:final_combined,combined;entity;entity_top_telemetry;final_combined;intent;intent_top2_gap_base;intent_top2_gap_final;rag_hint;rag_signal;thresholds_applied,1,financials_risk,False,False,,response,86400,araquem:dev-20251030:cfg-4b3f1d4e:pub:fiis_financials_risk:plan:c8e219f37d545ea9f15b948442d8541da8d8cfb36e3b7081149a067999a7bbde,True,False,340,340.0,425.596,False,,,"| Código | Volatilidade | Sharpe | Sortino | Treynor | Alfa de Jensen | Beta | Máx. drawdown (%) | R² (%) | Atualizado em |
| --- | ---: | ---: | ---: | ---: | ---: | ---: | ---: | ---: | --- |
| HGRU11 | 1,45 | -1,18 | -0,12 | -0 | -0 | 0,4 | 10,67% | 7,68% | 2025-12-31 00:00:00 |",fiis_financials_risk,fiis_financials_risk,True,True,True,fiis_financials_risk,Suíte SQL-only gerada a partir de perguntas existentes para fiis_financials_risk.,fiis_financials_risk-q1,31,['status_not_ok'],False
beta e R² do KNRI11 em relação ao IFIX,200,,True,,gated,Blocked by threshold: low_score,ticker_query,fiis_precos,-4.4,False,base,low_score,0.9,0.05,-4.4,-4.4,1.1,1.1,macro_consolidada,client_fiis_performance_vs_benchmark,list:final_combined,combined;entity;entity_top_telemetry;final_combined;intent;intent_top2_gap_base;intent_top2_gap_final;rag_hint;rag_signal;thresholds_applied,0,,False,False,,response,86400,araquem:dev-20251030:cfg-4b3f1d4e:pub:fiis_precos:plan:1b681ea2362ae3cc7bce69f9cec48bb72a719e43bd660f0350495c682f517118,True,False,218,218.0,223.087,,,,"Não consegui decidir com segurança entre rotas possíveis (low_score | Blocked by threshold: low_score). Tente reformular especificando o que precisa (ex.: risco, dividendos, preços, cadastro/segmento). Possíveis rotas: macro_consolidada (-1.100), client_fiis_performance_vs_benchmark (-2.200), client_fiis_performance_vs_benchmark_summary (-2.200).",fiis_financials_risk,fiis_financials_risk,False,False,False,fiis_financials_risk,Suíte SQL-only gerada a partir de perguntas existentes para fiis_financials_risk.,fiis_financials_risk-q2,32,"['status_not_ok', 'entity_mismatch']",False
qual foi o máximo drawdown do MXRF11 nos últimos 12 meses?,200,,True,,ok,ok,fiis_yield_history,fiis_yield_history,2.75,True,base,,0.9,0.15,1.0999999999999996,2.75,1.0999999999999996,1.0999999999999996,fiis_yield_history,fiis_financials_risk,list:final_combined,combined;entity;entity_top_telemetry;final_combined;intent;intent_top2_gap_base;intent_top2_gap_final;rag_hint;rag_signal;thresholds_applied,12,yield_history,False,False,,response,86400,araquem:dev-20251030:cfg-4b3f1d4e:pub:fiis_yield_history:plan:3a3ab75accb0de9064d2502c9859fc7637653a02050b33a7564b65db1212210d,True,False,305,305.0,485.579,False,,,"**Dividend yield mensal de MXRF11**

    Último mês em 2025-12-01: dividendos **0.10**; DY mensal **0,01%**.

    | Mês de referência | Dividendos (R$) | Preço ref. (R$) | DY mensal |
    | --- | --- | --- | --- |
      | 2025-12-01 | 0.10 | 9.54 | 0,01% |
      | 2025-11-01 | 0.10 | 9.63 | 0,01% |
      | 2025-10-01 | 0.10 | 9.65 | 0,01% |
      | 2025-09-01 | 0.10 | 9.77 | 0,01% |
      | 2025-08-01 | 0.10 | 9.62 | 0,01% |
      | 2025-07-01 | 0.10 | 9.60 | 0,01% |
      | 2025-06-01 | 0.10 | 9.52 | 0,01% |
      | 2025-05-01 | 0.10 | 9.56 | 0,01% |
      | 2025-04-01 | 0.09 | 9.30 | 0,01% |
      | 2025-03-01 | 0.09 | 9.16 | 0,01% |
      | 2025-02-01 | 0.09 | 9.08 | 0,01% |
      | 2025-01-01 | 0.10 | 9.21 | 0,01% |",fiis_financials_risk,fiis_financials_risk,False,False,False,fiis_financials_risk,Suíte SQL-only gerada a partir de perguntas existentes para fiis_financials_risk.,fiis_financials_risk-q3,33,"['status_not_ok', 'entity_mismatch']",False
Qual o lucro ou resultado distribuível mais recente do FII?,200,,True,,gated,Blocked by threshold: low_score,ticker_query,fiis_precos,-1.1,False,base,low_score,0.9,0.05,-1.1,-1.1,0.0,0.0,client_fiis_positions,fiis_noticias,list:final_combined,combined;entity;entity_top_telemetry;final_combined;intent;intent_top2_gap_base;intent_top2_gap_final;rag_hint;rag_signal;thresholds_applied,0,,False,False,,response,86400,araquem:dev-20251030:cfg-4b3f1d4e:pub:fiis_precos:plan:9132d59f10a63371ba4ccabb2c74e05d2e40d3fb2eef2a432e9b1352b152355e,True,False,221,221.0,225.877,,,,"Não consegui decidir com segurança entre rotas possíveis (low_score | Blocked by threshold: low_score). Tente reformular especificando o que precisa (ex.: risco, dividendos, preços, cadastro/segmento). Possíveis rotas: client_fiis_positions (0.000), fiis_noticias (0.000), carteira_enriquecida (-1.100).",fiis_financials_snapshot,fiis_financials_snapshot,False,False,False,fiis_financials_snapshot,Suíte SQL-only gerada a partir de perguntas existentes para fiis_financials_snapshot.,fiis_financials_snapshot-q1,34,"['status_not_ok', 'entity_mismatch']",False
"Como evoluíram receitas, despesas e margens entre períodos?",200,,True,,ok,ok,fiis_financials_revenue_schedule,fiis_financials_revenue_schedule,1.1,True,base,,0.8,0.15,1.1,1.1,1.1,1.1,fiis_financials_revenue_schedule,carteira_enriquecida,list:final_combined,combined;entity;entity_top_telemetry;final_combined;intent;intent_top2_gap_base;intent_top2_gap_final;rag_hint;rag_signal;thresholds_applied,0,financials_revenue,False,False,,response,86400,araquem:dev-20251030:cfg-4b3f1d4e:pub:fiis_financials_revenue_schedule:plan:b1d0f1862c05ba5b290dab81875de95cfb9b5ed28a8d1bdefa813799417ba43d,True,False,196,196.0,300.376,False,,,Nenhum registro encontrado.,fiis_financials_snapshot,fiis_financials_snapshot,False,False,False,fiis_financials_snapshot,Suíte SQL-only gerada a partir de perguntas existentes para fiis_financials_snapshot.,fiis_financials_snapshot-q2,35,"['status_not_ok', 'entity_mismatch']",False
O FII apresenta alavancagem relevante ou variação de endividamento?,200,,True,,ok,ok,fiis_precos,fiis_precos,3.3000000000000003,True,base,,0.9,0.05,3.3000000000000003,3.3000000000000003,3.3000000000000003,3.3000000000000003,fiis_precos,history_b3_indexes,list:final_combined,combined;entity;entity_top_telemetry;final_combined;intent;intent_top2_gap_base;intent_top2_gap_final;rag_hint;rag_signal;thresholds_applied,0,precos_fii,False,False,,response,86400,araquem:dev-20251030:cfg-4b3f1d4e:pub:fiis_precos:plan:b0afd4e1151b1373938919de71d335e33bd68ed4379c5431683f2239d16a0c12,True,False,237,237.0,318.657,False,,,Sem preços para exibir.,fiis_financials_snapshot,fiis_financials_snapshot,False,False,False,fiis_financials_snapshot,Suíte SQL-only gerada a partir de perguntas existentes para fiis_financials_snapshot.,fiis_financials_snapshot-q3,36,"['status_not_ok', 'entity_mismatch']",False
Quais imóveis compõem a carteira do FII e onde estão localizados?,200,,True,,gated,Blocked by threshold: low_score,ticker_query,fiis_precos,-3.3000000000000003,False,base,low_score,0.9,0.05,-3.3000000000000003,-3.3000000000000003,0.0,0.0,carteira_enriquecida,client_fiis_performance_vs_benchmark_summary,list:final_combined,combined;entity;entity_top_telemetry;final_combined;intent;intent_top2_gap_base;intent_top2_gap_final;rag_hint;rag_signal;thresholds_applied,0,,False,False,,response,86400,araquem:dev-20251030:cfg-4b3f1d4e:pub:fiis_precos:plan:44f14ae98291ef48af2a1d54d88e54d91c921b56b96f9d0339edacaa2eec973a,True,False,264,264.0,268.793,,,,"Não consegui decidir com segurança entre rotas possíveis (low_score | Blocked by threshold: low_score). Tente reformular especificando o que precisa (ex.: risco, dividendos, preços, cadastro/segmento). Possíveis rotas: carteira_enriquecida (0.000), client_fiis_performance_vs_benchmark_summary (0.000), fiis_imoveis (0.000).",fiis_imoveis,fiis_imoveis,False,False,False,fiis_imoveis,Suíte SQL-only gerada a partir de perguntas existentes para fiis_imoveis.,fiis_imoveis-q1,37,"['status_not_ok', 'entity_mismatch']",False
"Qual a tipologia (ex.: lajes, galpões, shoppings) dos imóveis listados?",200,,True,,ok,ok,fiis_imoveis,fiis_imoveis,2.2,True,base,,0.85,0.1,2.2,2.2,2.2,2.2,fiis_imoveis,carteira_enriquecida,list:final_combined,combined;entity;entity_top_telemetry;final_combined;intent;intent_top2_gap_base;intent_top2_gap_final;rag_hint;rag_signal;thresholds_applied,0,imoveis_fii,False,False,,response,86400,araquem:dev-20251030:cfg-4b3f1d4e:pub:fiis_imoveis:plan:f44007f8f10f08a6f8a57ede232d0accdfe6562d71a2677dc6c97eef980cb620,True,False,476,476.0,681.659,False,,,Dados de imóveis do FII não disponíveis no momento.,fiis_imoveis,fiis_imoveis,True,True,True,fiis_imoveis,Suíte SQL-only gerada a partir de perguntas existentes para fiis_imoveis.,fiis_imoveis-q2,38,['status_not_ok'],False
"Há informações sobre ocupação, vacância ou contratos em cada ativo?",200,,True,,ok,ok,fiis_imoveis,fiis_imoveis,2.2,True,base,,0.85,0.1,1.1,2.2,1.1,1.1,fiis_imoveis,client_fiis_dividends_evolution,list:final_combined,combined;entity;entity_top_telemetry;final_combined;intent;intent_top2_gap_base;intent_top2_gap_final;rag_hint;rag_signal;thresholds_applied,0,imoveis_fii,False,False,,response,86400,araquem:dev-20251030:cfg-4b3f1d4e:pub:fiis_imoveis:plan:f44007f8f10f08a6f8a57ede232d0accdfe6562d71a2677dc6c97eef980cb620,True,False,191,191.0,608.394,False,,,Dados de imóveis do FII não disponíveis no momento.,fiis_imoveis,fiis_imoveis,True,True,True,fiis_imoveis,Suíte SQL-only gerada a partir de perguntas existentes para fiis_imoveis.,fiis_imoveis-q3,39,['status_not_ok'],False
Quais foram as últimas notícias publicadas sobre determinado FII?,200,,True,,ok,ok,fiis_noticias,fiis_noticias,1.1,True,base,,0.8,0.1,1.1,1.1,1.1,1.1,fiis_noticias,macro_consolidada,list:final_combined,combined;entity;entity_top_telemetry;final_combined;intent;intent_top2_gap_base;intent_top2_gap_final;rag_hint;rag_signal;thresholds_applied,0,noticias_fii,False,False,,response,86400,araquem:dev-20251030:cfg-4b3f1d4e:pub:fiis_noticias:plan:fc8f0c548d7a9321b9357b07b546a1595006a4050dcee965a3dcc5f558300d3d,True,False,242,242.0,446.396,False,,,Nenhuma notícia encontrada.,fiis_noticias,fiis_noticias,True,True,True,fiis_noticias,Suíte SQL-only gerada a partir de perguntas existentes para fiis_noticias.,fiis_noticias-q1,40,['status_not_ok'],False
Houve fatos relevantes ou comunicados de mercado recentes?,200,,True,,ok,ok,fiis_noticias,fiis_noticias,5.5,True,base,,0.8,0.1,5.5,5.5,5.5,5.5,fiis_noticias,carteira_enriquecida,list:final_combined,combined;entity;entity_top_telemetry;final_combined;intent;intent_top2_gap_base;intent_top2_gap_final;rag_hint;rag_signal;thresholds_applied,0,noticias_fii,False,False,,response,86400,araquem:dev-20251030:cfg-4b3f1d4e:pub:fiis_noticias:plan:fc8f0c548d7a9321b9357b07b546a1595006a4050dcee965a3dcc5f558300d3d,True,False,186,186.0,323.426,False,,,Nenhuma notícia encontrada.,fiis_noticias,fiis_noticias,True,True,True,fiis_noticias,Suíte SQL-only gerada a partir de perguntas existentes para fiis_noticias.,fiis_noticias-q2,41,['status_not_ok'],False
"Existem temas recorrentes (ex.: emissões, aquisições, vacância) nas notícias?",200,,True,,gated,Blocked by threshold: low_score,ticker_query,fiis_precos,-2.75,False,base,low_score,0.9,0.05,-2.75,-2.75,0.0,0.0,carteira_enriquecida,client_fiis_dividends_evolution,list:final_combined,combined;entity;entity_top_telemetry;final_combined;intent;intent_top2_gap_base;intent_top2_gap_final;rag_hint;rag_signal;thresholds_applied,0,,False,False,,response,86400,araquem:dev-20251030:cfg-4b3f1d4e:pub:fiis_precos:plan:44f14ae98291ef48af2a1d54d88e54d91c921b56b96f9d0339edacaa2eec973a,True,False,166,166.0,169.783,,,,"Não consegui decidir com segurança entre rotas possíveis (low_score | Blocked by threshold: low_score). Tente reformular especificando o que precisa (ex.: risco, dividendos, preços, cadastro/segmento). Possíveis rotas: carteira_enriquecida (-0.550), client_fiis_dividends_evolution (-0.550), dividendos_yield (-0.550).",fiis_noticias,fiis_noticias,False,False,False,fiis_noticias,Suíte SQL-only gerada a partir de perguntas existentes para fiis_noticias.,fiis_noticias-q3,42,"['status_not_ok', 'entity_mismatch']",False
como fechou o HGLG11 hoje?,200,,True,,ok,ok,history_b3_indexes,history_b3_indexes,1.1,True,base,,0.8,0.1,1.1,1.1,0.0,0.0,fiis_noticias,fiis_precos,list:final_combined,combined;entity;entity_top_telemetry;final_combined;intent;intent_top2_gap_base;intent_top2_gap_final;rag_hint;rag_signal;thresholds_applied,1,history_b3_indexes,False,False,,response,86400,araquem:dev-20251030:cfg-4b3f1d4e:pub:history_b3_indexes:plan:1b0bf6a24f11d3db694f2d13d8eced13fe60eeec012adb53f5b4928fa87dc478,True,False,385,385.0,578.397,False,,,"**Índices B3 (D-1)**

  Última data 2025-11-17 00:00:00:
  - IBOV: **157739 pts** (Δ **0,37%**)
  - IFIX: **3617 pts** (Δ **0,71%**)
  - IFIL: **1597 pts** (Δ **0,72%**)

  | Data | IBOV (pts) | IBOV (Δ%) | IFIX (pts) | IFIX (Δ%) | IFIL (pts) | IFIL (Δ%) |
  | --- | --- | --- | --- | --- | --- | --- |
    | 2025-11-17 00:00:00 | 157739 | 0,37% | 3617 | 0,71% | 1597 | 0,72% |",fiis_precos,fiis_precos,False,False,False,fiis_precos,Suíte SQL-only gerada a partir de perguntas existentes para fiis_precos.,fiis_precos-q1,43,"['status_not_ok', 'entity_mismatch']",False
qual foi a variação do MXRF11 ontem?,200,,True,,ok,ok,fiis_precos,fiis_precos,5.5,True,base,,0.9,0.05,3.3,5.5,3.3,3.3,fiis_precos,history_b3_indexes,list:final_combined,combined;entity;entity_top_telemetry;final_combined;intent;intent_top2_gap_base;intent_top2_gap_final;rag_hint;rag_signal;thresholds_applied,10,precos_fii,False,False,,response,86400,araquem:dev-20251030:cfg-4b3f1d4e:pub:fiis_precos:plan:9d0b9b7119be1c302d2e1618e90ae223d8d584bd7edefc18ba34d4d6d6be093e,True,False,238,238.0,322.406,False,,,"| Data | Código | Preço de fechamento (R$) | Preço ajustado (R$) | Abertura (R$) | Máxima (R$) | Mínima (R$) | Variação diária (%) | Criado em | Atualizado em |
| --- | --- | ---: | ---: | ---: | ---: | ---: | ---: | --- | --- |
| 15/12/2025 | MXRF11 | R$ 9,51 | 9.51 | R$ 9,56 | R$ 9,59 | R$ 9,51 | -0,52% | 2025-12-16 00:00:00 | 2025-12-16 00:00:00 |
| 16/12/2025 | MXRF11 | R$ 9,48 | 9.48 | R$ 9,53 | R$ 9,56 | R$ 9,47 | -0,52% | 2025-12-17 00:00:00 | 2025-12-17 00:00:00 |
| 17/12/2025 | MXRF11 | R$ 9,47 | 9.47 | R$ 9,49 | R$ 9,50 | R$ 9,46 | -0,21% | 2025-12-18 00:00:00 | 2025-12-18 00:00:00 |
| 18/12/2025 | MXRF11 | R$ 9,49 | 9.49 | R$ 9,49 | R$ 9,51 | R$ 9,47 | 0,00% | 2025-12-19 00:00:00 | 2025-12-19 00:00:00 |
| 19/12/2025 | MXRF11 | R$ 9,60 | 9.60 | R$ 9,55 | R$ 9,60 | R$ 9,49 | 0,52% | 2025-12-20 00:00:00 | 2025-12-20 00:00:00 |
| 22/12/2025 | MXRF11 | R$ 9,56 | 9.56 | R$ 9,60 | R$ 9,61 | R$ 9,52 | -0,42% | 2025-12-23 00:00:00 | 2025-12-23 00:00:00 |
| 23/12/2025 | MXRF11 | R$ 9,53 | 9.53 | R$ 9,57 | R$ 9,58 | R$ 9,53 | -0,42% | 2025-12-24 00:00:00 | 2025-12-24 00:00:00 |
| 26/12/2025 | MXRF11 | R$ 9,54 | 9.54 | R$ 9,55 | R$ 9,56 | R$ 9,53 | -0,10% | 2025-12-27 00:00:00 | 2025-12-27 00:00:00 |
| 29/12/2025 | MXRF11 | R$ 9,55 | 9.55 | R$ 9,59 | R$ 9,59 | R$ 9,52 | -0,42% | 2025-12-30 00:00:00 | 2025-12-30 00:00:00 |
| 30/12/2025 | MXRF11 | R$ 9,54 | 9.54 | R$ 9,57 | R$ 9,59 | R$ 9,53 | -0,31% | 2025-12-31 00:00:00 | 2025-12-31 00:00:00 |",fiis_precos,fiis_precos,True,True,True,fiis_precos,Suíte SQL-only gerada a partir de perguntas existentes para fiis_precos.,fiis_precos-q2,44,['status_not_ok'],False
mostrar o candle do KNRI11 na data X,200,,True,,ok,ok,macro_consolidada,macro_consolidada,1.1,True,base,,0.9,0.2,1.1,1.1,0.0,0.0,client_fiis_performance_vs_benchmark,macro_consolidada,list:final_combined,combined;entity;entity_top_telemetry;final_combined;intent;intent_top2_gap_base;intent_top2_gap_final;rag_hint;rag_signal;thresholds_applied,10,ref_date,False,False,,response,86400,araquem:dev-20251030:cfg-4b3f1d4e:pub:macro_consolidada:plan:d3aedf0a3cfb61fb2c91141a7a8b181266992c707d8b8faf71c4257d5d7ea402,True,False,292,292.0,408.427,False,,,"**Último registro em 2025-11-14**

  - IPCA: **-**
  - Juros: **SELIC 14.90**, **CDI -**
  - Índices: **IFIX 3617 pts (0,71%)**, **IBOV 157739 pts (0,37%)**
  - Câmbio: **USD compra R$ 5,30, venda R$ 5,30 (0,00%)**; **EUR compra R$ 6,15, venda R$ 6,16 (-0,01%)**

  | Data ref. | IPCA | SELIC | CDI | IFIX (pts) | IFIX var. (%) | IBOV (pts) | IBOV var. (%) | USD compra (R$) | USD venda (R$) | USD var. (%) | EUR compra (R$) | EUR venda (R$) | EUR var. (%) |
  | --- | --- | --- | --- | --- | --- | --- | --- | --- | --- | --- | --- | --- | --- |
| 2025-11-14 | - | 14.90 | - | 3617 | 0,71% | 157739 | 0,37% | R$ 5,30 | R$ 5,30 | 0,00% | R$ 6,15 | R$ 6,16 | -0,01% |
| 2025-11-13 | - | 14.90 | 14.90 | 3591 | -0,17% | 157162 | -0,30% | R$ 5,30 | R$ 5,30 | 0,04% | R$ 6,16 | R$ 6,17 | 0,08% |
| 2025-11-12 | - | 14.90 | 14.90 | 3597 | 0,12% | 157633 | -0,07% | R$ 5,29 | R$ 5,29 | 0,02% | R$ 6,14 | R$ 6,14 | 0,03% |
| 2025-11-11 | - | 14.90 | 14.90 | 3593 | -0,01% | 157749 | 1,60% | R$ 5,27 | R$ 5,27 | 0,02% | R$ 6,11 | R$ 6,11 | -0,02% |
| 2025-11-10 | - | 14.90 | 14.90 | 3597 | 0,11% | 154064 | 0,47% | R$ 5,33 | R$ 5,33 | 0,00% | R$ 6,17 | R$ 6,17 | 0,12% |
| 2025-11-09 | - | - | - | - | - | - | - | - | - | - | - | - | - |
| 2025-11-08 | - | - | - | - | - | - | - | - | - | - | - | - | - |
| 2025-11-07 | - | 14.90 | 14.90 | 3597 | 0,11% | 154064 | 0,47% | R$ 5,33 | R$ 5,33 | 0,00% | R$ 6,17 | R$ 6,17 | 0,12% |
| 2025-11-06 | - | 14.90 | 14.90 | 3593 | 0,05% | 153339 | 0,03% | R$ 5,35 | R$ 5,35 | 0,05% | R$ 6,18 | R$ 6,18 | 0,06% |
| 2025-11-05 | - | 14.90 | 14.90 | 3591 | 0,03% | 153294 | 1,72% | R$ 5,36 | R$ 5,36 | 0,09% | R$ 6,16 | R$ 6,16 | 0,09% |",fiis_precos,fiis_precos,False,False,False,fiis_precos,Suíte SQL-only gerada a partir de perguntas existentes para fiis_precos.,fiis_precos-q3,45,"['status_not_ok', 'entity_mismatch']",False
Existem processos judiciais ou administrativos envolvendo o FII?,200,,True,,ok,ok,fiis_processos,fiis_processos,1.6500000000000001,True,base,,0.85,0.1,2.2,1.6500000000000001,2.2,2.2,fiis_processos,carteira_enriquecida,list:final_combined,combined;entity;entity_top_telemetry;final_combined;intent;intent_top2_gap_base;intent_top2_gap_final;rag_hint;rag_signal;thresholds_applied,0,processos_fii,False,False,,response,86400,araquem:dev-20251030:cfg-4b3f1d4e:pub:fiis_processos:plan:ad9bda79d194e525587dc992ee2f797669213adb21bb4dec1bce8d835ffaa1ac,True,False,275,275.0,361.958,False,,,Nenhum processo encontrado.,fiis_processos,fiis_processos,True,True,True,fiis_processos,Suíte SQL-only gerada a partir de perguntas existentes para fiis_processos.,fiis_processos-q1,46,['status_not_ok'],False
"Qual o estágio atual (ex.: em andamento, decisão, acordo) de cada processo?",200,,True,,ok,ok,fiis_processos,fiis_processos,2.2,True,base,,0.85,0.1,1.1,2.2,1.1,1.1,fiis_processos,history_market_indicators,list:final_combined,combined;entity;entity_top_telemetry;final_combined;intent;intent_top2_gap_base;intent_top2_gap_final;rag_hint;rag_signal;thresholds_applied,0,processos_fii,False,False,,response,86400,araquem:dev-20251030:cfg-4b3f1d4e:pub:fiis_processos:plan:ad9bda79d194e525587dc992ee2f797669213adb21bb4dec1bce8d835ffaa1ac,True,False,249,249.0,379.691,False,,,Nenhum processo encontrado.,fiis_processos,fiis_processos,True,True,True,fiis_processos,Suíte SQL-only gerada a partir de perguntas existentes para fiis_processos.,fiis_processos-q2,47,['status_not_ok'],False
Quais são as partes envolvidas ou a natureza da ação?,200,,True,,ok,ok,fiis_processos,fiis_processos,2.2,True,base,,0.85,0.1,2.2,2.2,2.2,2.2,fiis_processos,carteira_enriquecida,list:final_combined,combined;entity;entity_top_telemetry;final_combined;intent;intent_top2_gap_base;intent_top2_gap_final;rag_hint;rag_signal;thresholds_applied,0,processos_fii,False,False,,response,86400,araquem:dev-20251030:cfg-4b3f1d4e:pub:fiis_processos:plan:ad9bda79d194e525587dc992ee2f797669213adb21bb4dec1bce8d835ffaa1ac,True,False,396,396.0,618.32,False,,,Nenhum processo encontrado.,fiis_processos,fiis_processos,True,True,True,fiis_processos,Suíte SQL-only gerada a partir de perguntas existentes para fiis_processos.,fiis_processos-q3,48,['status_not_ok'],False
Quais FIIs lideram o ranking por rendimento ou dividend yield?,200,,True,,gated,Blocked by threshold: low_score,ticker_query,fiis_precos,-5.5,False,base,low_score,0.9,0.05,-5.5,-5.5,4.440892098500626e-16,4.440892098500626e-16,carteira_enriquecida,fiis_yield_history,list:final_combined,combined;entity;entity_top_telemetry;final_combined;intent;intent_top2_gap_base;intent_top2_gap_final;rag_hint;rag_signal;thresholds_applied,0,,False,False,,response,86400,araquem:dev-20251030:cfg-4b3f1d4e:pub:fiis_precos:plan:9132d59f10a63371ba4ccabb2c74e05d2e40d3fb2eef2a432e9b1352b152355e,True,False,193,193.0,200.571,,,,"Não consegui decidir com segurança entre rotas possíveis (low_score | Blocked by threshold: low_score). Tente reformular especificando o que precisa (ex.: risco, dividendos, preços, cadastro/segmento). Possíveis rotas: carteira_enriquecida (-1.100), fiis_yield_history (-1.100), fiis_rankings (-2.200).",fiis_rankings,fiis_rankings,False,False,False,fiis_rankings,Suíte SQL-only gerada a partir de perguntas existentes para fiis_rankings.,fiis_rankings-q1,49,"['status_not_ok', 'entity_mismatch']",False
Como os fundos se posicionam por liquidez ou volume negociado?,200,,True,,ok,ok,fiis_financials_snapshot,fiis_financials_snapshot,1.1,True,base,,1.0,0.2,1.1,1.1,1.1,1.1,fiis_financials_snapshot,carteira_enriquecida,list:final_combined,combined;entity;entity_top_telemetry;final_combined;intent;intent_top2_gap_base;intent_top2_gap_final;rag_hint;rag_signal;thresholds_applied,1,financials_snapshot,False,False,,response,86400,araquem:dev-20251030:cfg-4b3f1d4e:pub:fiis_financials_snapshot:plan:74459cf09e3d477c4ad7aa47b7769be462e2cb581888ab2d2429dc21a82cc3c1,True,False,338,338.0,657.656,False,,,"| Código | DY mensal (%) | DY (%) | Dividendos no ano (R$) | Último dividendo (R$) | Último pagamento | Market Cap (R$) | EV (R$) | P/BV | Patrimônio por cota (R$) | Receita por cota | Payout (%) | Taxa de crescimento | Cap rate | Alavancagem | Patrimônio (R$) | Var. mês (%) | Var. ano (%) | Var. patrimônio mês (%) | Reserva de dividendos (R$) | Taxa de adm. devida (R$) | Taxa de perf. devida (R$) | Caixa total (R$) | Receita esperada (R$) | Passivos totais (R$) | Criado em | Atualizado em |
| --- | ---: | ---: | ---: | ---: | --- | ---: | ---: | ---: | ---: | ---: | ---: | ---: | ---: | ---: | ---: | ---: | ---: | ---: | ---: | ---: | ---: | ---: | ---: | ---: | --- | --- |
| MXRF11 | 1,05% | 12,26% | R$ 1,17 | R$ 0,10 | 2025-12-12 00:00:00 | R$ 4.390.971.326,00 | R$ 4.274.589.869,19 | 105,70% | 9.025 | 0.070 | 0,00% | 5.043 | 0.000 | 0,01 | 4154120032.00 | 1,07% | 15,96% | 0,00% | R$ 1.339.326,00 | R$ 3.260.493,92 | R$ 0,00 | R$ 169.635.923,17 | R$ 32.316.093,57 | R$ 48.651.771,36 | 2024-05-22 00:00:00 | 2025-12-31 00:00:00 |",fiis_rankings,fiis_rankings,False,False,False,fiis_rankings,Suíte SQL-only gerada a partir de perguntas existentes para fiis_rankings.,fiis_rankings-q2,50,"['status_not_ok', 'entity_mismatch']",False
"Há rankings por risco, volatilidade ou alavancagem?",200,,True,,gated,Blocked by threshold: low_score,ticker_query,fiis_precos,-6.05,False,base,low_score,0.9,0.05,-6.05,-6.05,1.1,1.1,fiis_financials_risk,fiis_rankings,list:final_combined,combined;entity;entity_top_telemetry;final_combined;intent;intent_top2_gap_base;intent_top2_gap_final;rag_hint;rag_signal;thresholds_applied,0,,False,False,,response,86400,araquem:dev-20251030:cfg-4b3f1d4e:pub:fiis_precos:plan:9132d59f10a63371ba4ccabb2c74e05d2e40d3fb2eef2a432e9b1352b152355e,True,False,171,171.0,176.372,,,,"Não consegui decidir com segurança entre rotas possíveis (low_score | Blocked by threshold: low_score). Tente reformular especificando o que precisa (ex.: risco, dividendos, preços, cadastro/segmento). Possíveis rotas: fiis_financials_risk (-1.650), fiis_rankings (-2.750), carteira_enriquecida (-3.850).",fiis_rankings,fiis_rankings,False,False,False,fiis_rankings,Suíte SQL-only gerada a partir de perguntas existentes para fiis_rankings.,fiis_rankings-q3,51,"['status_not_ok', 'entity_mismatch']",False
Qual foi o DY mensal do {{ticker}} em {{mês/ano}}?,200,,True,,ok,ok,fiis_yield_history,fiis_yield_history,3.8499999999999996,True,base,,0.9,0.15,3.3,3.8499999999999996,3.3,3.3,fiis_yield_history,client_fiis_dividends_evolution,list:final_combined,combined;entity;entity_top_telemetry;final_combined;intent;intent_top2_gap_base;intent_top2_gap_final;rag_hint;rag_signal;thresholds_applied,12,yield_history,True,True,,response,86400,araquem:dev-20251030:cfg-4b3f1d4e:pub:fiis_yield_history:plan:3a3ab75accb0de9064d2502c9859fc7637653a02050b33a7564b65db1212210d,True,False,189,189.0,438.215,False,,,"**Dividend yield mensal de MXRF11**

    Último mês em 2025-12-01: dividendos **0.10**; DY mensal **0,01%**.

    | Mês de referência | Dividendos (R$) | Preço ref. (R$) | DY mensal |
    | --- | --- | --- | --- |
      | 2025-12-01 | 0.10 | 9.54 | 0,01% |
      | 2025-11-01 | 0.10 | 9.63 | 0,01% |
      | 2025-10-01 | 0.10 | 9.65 | 0,01% |
      | 2025-09-01 | 0.10 | 9.77 | 0,01% |
      | 2025-08-01 | 0.10 | 9.62 | 0,01% |
      | 2025-07-01 | 0.10 | 9.60 | 0,01% |
      | 2025-06-01 | 0.10 | 9.52 | 0,01% |
      | 2025-05-01 | 0.10 | 9.56 | 0,01% |
      | 2025-04-01 | 0.09 | 9.30 | 0,01% |
      | 2025-03-01 | 0.09 | 9.16 | 0,01% |
      | 2025-02-01 | 0.09 | 9.08 | 0,01% |
      | 2025-01-01 | 0.10 | 9.21 | 0,01% |",fiis_yield_history,fiis_yield_history,True,True,True,fiis_yield_history,Suíte SQL-only gerada a partir de perguntas existentes para fiis_yield_history.,fiis_yield_history-q1,52,['status_not_ok'],False
Como tem sido a evolução do DY do {{ticker}} nos últimos 12 meses?,200,,True,,ok,ok,fiis_yield_history,fiis_yield_history,12.099999999999998,True,base,,0.9,0.15,9.899999999999999,12.099999999999998,9.899999999999999,9.899999999999999,fiis_yield_history,history_market_indicators,list:final_combined,combined;entity;entity_top_telemetry;final_combined;intent;intent_top2_gap_base;intent_top2_gap_final;rag_hint;rag_signal;thresholds_applied,12,yield_history,True,True,,response,86400,araquem:dev-20251030:cfg-4b3f1d4e:pub:fiis_yield_history:plan:3a3ab75accb0de9064d2502c9859fc7637653a02050b33a7564b65db1212210d,True,False,164,164.0,297.027,False,,,"**Dividend yield mensal de MXRF11**

    Último mês em 2025-12-01: dividendos **0.10**; DY mensal **0,01%**.

    | Mês de referência | Dividendos (R$) | Preço ref. (R$) | DY mensal |
    | --- | --- | --- | --- |
      | 2025-12-01 | 0.10 | 9.54 | 0,01% |
      | 2025-11-01 | 0.10 | 9.63 | 0,01% |
      | 2025-10-01 | 0.10 | 9.65 | 0,01% |
      | 2025-09-01 | 0.10 | 9.77 | 0,01% |
      | 2025-08-01 | 0.10 | 9.62 | 0,01% |
      | 2025-07-01 | 0.10 | 9.60 | 0,01% |
      | 2025-06-01 | 0.10 | 9.52 | 0,01% |
      | 2025-05-01 | 0.10 | 9.56 | 0,01% |
      | 2025-04-01 | 0.09 | 9.30 | 0,01% |
      | 2025-03-01 | 0.09 | 9.16 | 0,01% |
      | 2025-02-01 | 0.09 | 9.08 | 0,01% |
      | 2025-01-01 | 0.10 | 9.21 | 0,01% |",fiis_yield_history,fiis_yield_history,True,True,True,fiis_yield_history,Suíte SQL-only gerada a partir de perguntas existentes para fiis_yield_history.,fiis_yield_history-q2,53,['status_not_ok'],False
Quais FIIs tiveram maior DY médio nos últimos 6 meses?,200,,True,,ok,ok,fiis_yield_history,fiis_yield_history,3.8499999999999996,True,base,,0.9,0.15,4.3999999999999995,3.8499999999999996,0.0,0.0,fiis_rankings,fiis_yield_history,list:final_combined,combined;entity;entity_top_telemetry;final_combined;intent;intent_top2_gap_base;intent_top2_gap_final;rag_hint;rag_signal;thresholds_applied,1,yield_history,False,False,,response,86400,araquem:dev-20251030:cfg-4b3f1d4e:pub:fiis_yield_history:plan:1232d9a7ecd8af859afe63001e9d086216f69ccac9d62a57369c7b0bdef890d8,True,False,223,223.0,323.923,False,,,"**Dividend yield mensal de MXRF11**

    Último mês em -: dividendos **0.10000000000000000000**; DY mensal **-**.

    | Mês de referência | Dividendos (R$) | Preço ref. (R$) | DY mensal |
    | --- | --- | --- | --- |
      | - | 0.10000000000000000000 | - | - |",fiis_yield_history,fiis_yield_history,True,True,True,fiis_yield_history,Suíte SQL-only gerada a partir de perguntas existentes para fiis_yield_history.,fiis_yield_history-q3,54,['status_not_ok'],False
quanto fechou o IFIX ontem?,200,,True,,ok,ok,history_b3_indexes,history_b3_indexes,1.6500000000000004,True,base,,0.8,0.1,4.4,1.6500000000000004,4.4,4.4,history_b3_indexes,client_fiis_performance_vs_benchmark_summary,list:final_combined,combined;entity;entity_top_telemetry;final_combined;intent;intent_top2_gap_base;intent_top2_gap_final;rag_hint;rag_signal;thresholds_applied,1,history_b3_indexes,False,False,,response,86400,araquem:dev-20251030:cfg-4b3f1d4e:pub:history_b3_indexes:plan:8057d6d3fa5f2ec7de38c6e243fb74f10217c97c4bd6143422eacb0035105d3e,True,False,363,363.0,483.748,False,,,"**Índices B3 (D-1)**

  Última data 2025-11-17 00:00:00:
  - IBOV: **157739 pts** (Δ **0,37%**)
  - IFIX: **3617 pts** (Δ **0,71%**)
  - IFIL: **1597 pts** (Δ **0,72%**)

  | Data | IBOV (pts) | IBOV (Δ%) | IFIX (pts) | IFIX (Δ%) | IFIL (pts) | IFIL (Δ%) |
  | --- | --- | --- | --- | --- | --- | --- |
    | 2025-11-17 00:00:00 | 157739 | 0,37% | 3617 | 0,71% | 1597 | 0,72% |",history_b3_indexes,history_b3_indexes,True,True,True,history_b3_indexes,Suíte SQL-only gerada a partir de perguntas existentes para history_b3_indexes.,history_b3_indexes-q1,55,['status_not_ok'],False
qual foi a variação do IBOV na data X?,200,,True,,ok,ok,history_b3_indexes,history_b3_indexes,3.3,True,base,,0.8,0.1,3.3,3.3,3.3,3.3,history_b3_indexes,client_fiis_performance_vs_benchmark,list:final_combined,combined;entity;entity_top_telemetry;final_combined;intent;intent_top2_gap_base;intent_top2_gap_final;rag_hint;rag_signal;thresholds_applied,10,history_b3_indexes,False,False,,response,86400,araquem:dev-20251030:cfg-4b3f1d4e:pub:history_b3_indexes:plan:03ee0e407da8ff55b116af27db74cdb0d7a93ea167da5c88b6ac11dcabe3970a,True,False,420,420.0,507.596,False,,,"**Índices B3 (D-1)**

  Última data 2025-11-17 00:00:00:
  - IBOV: **157739 pts** (Δ **0,37%**)
  - IFIX: **3617 pts** (Δ **0,71%**)
  - IFIL: **1597 pts** (Δ **0,72%**)

  | Data | IBOV (pts) | IBOV (Δ%) | IFIX (pts) | IFIX (Δ%) | IFIL (pts) | IFIL (Δ%) |
  | --- | --- | --- | --- | --- | --- | --- |
    | 2025-11-17 00:00:00 | 157739 | 0,37% | 3617 | 0,71% | 1597 | 0,72% |
    | 2025-11-14 00:00:00 | 157739 | 0,37% | 3617 | 0,71% | 1597 | 0,72% |
    | 2025-11-13 00:00:00 | 157162 | -0,30% | 3591 | -0,17% | 1586 | -0,18% |
    | 2025-11-12 00:00:00 | 157633 | -0,07% | 3597 | 0,12% | 1589 | 0,13% |
    | 2025-11-11 00:00:00 | 157749 | 1,60% | 3593 | -0,01% | 1587 | -0,02% |
    | 2025-11-10 00:00:00 | 154064 | 0,47% | 3597 | 0,11% | 1587 | -0,09% |
    | 2025-11-07 00:00:00 | 154064 | 0,47% | 3597 | 0,11% | 1588 | 0,12% |
    | 2025-11-06 00:00:00 | 153339 | 0,03% | 3593 | 0,05% | 1586 | 0,06% |
    | 2025-11-05 00:00:00 | 153294 | 1,72% | 3591 | 0,03% | 1585 | 0,02% |
    | 2025-11-04 00:00:00 | 150704 | 0,17% | 3590 | -0,05% | 1585 | -0,07% |",history_b3_indexes,history_b3_indexes,True,True,True,history_b3_indexes,Suíte SQL-only gerada a partir de perguntas existentes para history_b3_indexes.,history_b3_indexes-q2,56,['status_not_ok'],False
mostrar IFIL da semana passada,200,,True,,gated,Blocked by threshold: low_score,ticker_query,fiis_precos,-4.4,False,base,low_score,0.9,0.05,-4.4,-4.4,0.0,0.0,client_fiis_performance_vs_benchmark,client_fiis_performance_vs_benchmark_summary,list:final_combined,combined;entity;entity_top_telemetry;final_combined;intent;intent_top2_gap_base;intent_top2_gap_final;rag_hint;rag_signal;thresholds_applied,0,,False,False,,response,86400,araquem:dev-20251030:cfg-4b3f1d4e:pub:fiis_precos:plan:44f14ae98291ef48af2a1d54d88e54d91c921b56b96f9d0339edacaa2eec973a,True,False,174,174.0,178.923,,,,"Não consegui decidir com segurança entre rotas possíveis (low_score | Blocked by threshold: low_score). Tente reformular especificando o que precisa (ex.: risco, dividendos, preços, cadastro/segmento). Possíveis rotas: client_fiis_performance_vs_benchmark (-2.200), client_fiis_performance_vs_benchmark_summary (-2.200), fiis_rankings (-2.200).",history_b3_indexes,history_b3_indexes,False,False,False,history_b3_indexes,Suíte SQL-only gerada a partir de perguntas existentes para history_b3_indexes.,history_b3_indexes-q3,57,"['status_not_ok', 'entity_mismatch']",False
como fechou o dólar ontem?,200,,True,,gated,Blocked by threshold: low_score,ticker_query,fiis_precos,-2.75,False,base,low_score,0.9,0.05,-2.75,-2.75,0.0,0.0,history_currency_rates,macro_consolidada,list:final_combined,combined;entity;entity_top_telemetry;final_combined;intent;intent_top2_gap_base;intent_top2_gap_final;rag_hint;rag_signal;thresholds_applied,0,,False,False,,response,86400,araquem:dev-20251030:cfg-4b3f1d4e:pub:fiis_precos:plan:44f14ae98291ef48af2a1d54d88e54d91c921b56b96f9d0339edacaa2eec973a,True,False,140,140.0,144.621,,,,"Não consegui decidir com segurança entre rotas possíveis (low_score | Blocked by threshold: low_score). Tente reformular especificando o que precisa (ex.: risco, dividendos, preços, cadastro/segmento). Possíveis rotas: history_currency_rates (-0.550), macro_consolidada (-0.550), carteira_enriquecida (-1.650).",history_currency_rates,history_currency_rates,False,False,False,history_currency_rates,Suíte SQL-only gerada a partir de perguntas existentes para history_currency_rates.,history_currency_rates-q1,58,"['status_not_ok', 'entity_mismatch']",False
qual a variação do euro na última cotação?,200,,True,,ok,ok,fiis_precos,fiis_precos,5.499999999999999,True,base,,0.9,0.05,2.1999999999999993,5.499999999999999,2.1999999999999993,2.1999999999999993,fiis_precos,history_currency_rates,list:final_combined,combined;entity;entity_top_telemetry;final_combined;intent;intent_top2_gap_base;intent_top2_gap_final;rag_hint;rag_signal;thresholds_applied,1,precos_fii,False,False,,response,86400,araquem:dev-20251030:cfg-4b3f1d4e:pub:fiis_precos:plan:87b9aba49e3d1ffe6d430fd9db99636b6e35f1bd39ce2c75bf666166f63ad87a,True,False,220,220.0,279.613,False,,,"| Data | Código | Preço de fechamento (R$) | Preço ajustado (R$) | Abertura (R$) | Máxima (R$) | Mínima (R$) | Variação diária (%) | Criado em | Atualizado em |
| --- | --- | ---: | ---: | ---: | ---: | ---: | ---: | --- | --- |
| 30/12/2025 | EURO11 | R$ 300,00 | 300.00 | R$ 293,89 | R$ 300,00 | R$ 290,98 | 2,08% | 2025-12-31 00:00:00 | 2025-12-31 00:00:00 |",history_currency_rates,history_currency_rates,False,False,False,history_currency_rates,Suíte SQL-only gerada a partir de perguntas existentes para history_currency_rates.,history_currency_rates-q2,59,"['status_not_ok', 'entity_mismatch']",False
mostrar câmbio recente para contextualizar FIIs dolarizados,200,,True,,gated,Blocked by threshold: low_score,ticker_query,fiis_precos,-2.2,False,base,low_score,0.9,0.05,-2.2,-2.2,0.0,0.0,fiis_noticias,history_currency_rates,list:final_combined,combined;entity;entity_top_telemetry;final_combined;intent;intent_top2_gap_base;intent_top2_gap_final;rag_hint;rag_signal;thresholds_applied,0,,False,False,,response,86400,araquem:dev-20251030:cfg-4b3f1d4e:pub:fiis_precos:plan:7e7dab341ec20385ddced9acdfa5ebdf6cbd13191878ffcab85a010368b6ca8f,True,False,191,191.0,195.821,,,,"Não consegui decidir com segurança entre rotas possíveis (low_score | Blocked by threshold: low_score). Tente reformular especificando o que precisa (ex.: risco, dividendos, preços, cadastro/segmento). Possíveis rotas: fiis_noticias (-1.100), history_currency_rates (-1.100), macro_consolidada (-1.100).",history_currency_rates,history_currency_rates,False,False,False,history_currency_rates,Suíte SQL-only gerada a partir de perguntas existentes para history_currency_rates.,history_currency_rates-q3,60,"['status_not_ok', 'entity_mismatch']",False
qual foi o CDI ontem?,200,,True,,ok,ok,history_market_indicators,history_market_indicators,2.75,True,base,,0.8,0.1,3.3,2.75,3.3,3.3,history_market_indicators,client_fiis_performance_vs_benchmark,list:final_combined,combined;entity;entity_top_telemetry;final_combined;intent;intent_top2_gap_base;intent_top2_gap_final;rag_hint;rag_signal;thresholds_applied,1,history_market_indicators,False,False,,response,86400,araquem:dev-20251030:cfg-4b3f1d4e:pub:history_market_indicators:plan:f49955921553c5c1d9960c452cd6c78b7078f87c489998f4c111951fb568b1aa,True,False,383,383.0,554.236,False,,,"**Indicadores de mercado (D-1)**

  Último registro em 2025-11-14 00:00:00: **SELIC = R$ 14,90**.

  | Data | Indicador | Valor |
  | --- | --- | --- |
    | 2025-11-14 00:00:00 | SELIC | R$ 14,90 |",history_market_indicators,history_market_indicators,True,True,True,history_market_indicators,Suíte SQL-only gerada a partir de perguntas existentes para history_market_indicators.,history_market_indicators-q1,61,['status_not_ok'],False
quanto está o IPCA acumulado no último dado?,200,,True,,ok,ok,history_market_indicators,history_market_indicators,4.4,True,base,,0.8,0.1,3.3000000000000003,4.4,3.3000000000000003,3.3000000000000003,history_market_indicators,client_fiis_performance_vs_benchmark_summary,list:final_combined,combined;entity;entity_top_telemetry;final_combined;intent;intent_top2_gap_base;intent_top2_gap_final;rag_hint;rag_signal;thresholds_applied,1,history_market_indicators,True,True,,response,86400,araquem:dev-20251030:cfg-4b3f1d4e:pub:history_market_indicators:plan:f49955921553c5c1d9960c452cd6c78b7078f87c489998f4c111951fb568b1aa,True,False,168,168.0,287.525,False,,,"**Indicadores de mercado (D-1)**

  Último registro em 2025-11-14 00:00:00: **SELIC = R$ 14,90**.

  | Data | Indicador | Valor |
  | --- | --- | --- |
    | 2025-11-14 00:00:00 | SELIC | R$ 14,90 |",history_market_indicators,history_market_indicators,True,True,True,history_market_indicators,Suíte SQL-only gerada a partir de perguntas existentes para history_market_indicators.,history_market_indicators-q2,62,['status_not_ok'],False
mostrar a SELIC na data X,200,,True,,ok,ok,macro_consolidada,macro_consolidada,1.6500000000000001,True,base,,0.9,0.2,1.1,1.6500000000000001,1.1,1.1,macro_consolidada,client_fiis_performance_vs_benchmark,list:final_combined,combined;entity;entity_top_telemetry;final_combined;intent;intent_top2_gap_base;intent_top2_gap_final;rag_hint;rag_signal;thresholds_applied,10,ref_date,False,False,,response,86400,araquem:dev-20251030:cfg-4b3f1d4e:pub:macro_consolidada:plan:1ae42784a8fdf4eefe6bf9e7e88bff6005889b64d78e3ec2e854608e0ff1b82c,True,False,237,237.0,303.586,False,,,"**Último registro em 2025-11-14**

  - IPCA: **-**
  - Juros: **SELIC 14.90**, **CDI -**
  - Índices: **IFIX 3617 pts (0,71%)**, **IBOV 157739 pts (0,37%)**
  - Câmbio: **USD compra R$ 5,30, venda R$ 5,30 (0,00%)**; **EUR compra R$ 6,15, venda R$ 6,16 (-0,01%)**

  | Data ref. | IPCA | SELIC | CDI | IFIX (pts) | IFIX var. (%) | IBOV (pts) | IBOV var. (%) | USD compra (R$) | USD venda (R$) | USD var. (%) | EUR compra (R$) | EUR venda (R$) | EUR var. (%) |
  | --- | --- | --- | --- | --- | --- | --- | --- | --- | --- | --- | --- | --- | --- |
| 2025-11-14 | - | 14.90 | - | 3617 | 0,71% | 157739 | 0,37% | R$ 5,30 | R$ 5,30 | 0,00% | R$ 6,15 | R$ 6,16 | -0,01% |
| 2025-11-13 | - | 14.90 | 14.90 | 3591 | -0,17% | 157162 | -0,30% | R$ 5,30 | R$ 5,30 | 0,04% | R$ 6,16 | R$ 6,17 | 0,08% |
| 2025-11-12 | - | 14.90 | 14.90 | 3597 | 0,12% | 157633 | -0,07% | R$ 5,29 | R$ 5,29 | 0,02% | R$ 6,14 | R$ 6,14 | 0,03% |
| 2025-11-11 | - | 14.90 | 14.90 | 3593 | -0,01% | 157749 | 1,60% | R$ 5,27 | R$ 5,27 | 0,02% | R$ 6,11 | R$ 6,11 | -0,02% |
| 2025-11-10 | - | 14.90 | 14.90 | 3597 | 0,11% | 154064 | 0,47% | R$ 5,33 | R$ 5,33 | 0,00% | R$ 6,17 | R$ 6,17 | 0,12% |
| 2025-11-09 | - | - | - | - | - | - | - | - | - | - | - | - | - |
| 2025-11-08 | - | - | - | - | - | - | - | - | - | - | - | - | - |
| 2025-11-07 | - | 14.90 | 14.90 | 3597 | 0,11% | 154064 | 0,47% | R$ 5,33 | R$ 5,33 | 0,00% | R$ 6,17 | R$ 6,17 | 0,12% |
| 2025-11-06 | - | 14.90 | 14.90 | 3593 | 0,05% | 153339 | 0,03% | R$ 5,35 | R$ 5,35 | 0,05% | R$ 6,18 | R$ 6,18 | 0,06% |
| 2025-11-05 | - | 14.90 | 14.90 | 3591 | 0,03% | 153294 | 1,72% | R$ 5,36 | R$ 5,36 | 0,09% | R$ 6,16 | R$ 6,16 | 0,09% |",history_market_indicators,history_market_indicators,False,False,False,history_market_indicators,Suíte SQL-only gerada a partir de perguntas existentes para history_market_indicators.,history_market_indicators-q3,63,"['status_not_ok', 'entity_mismatch']",False
IPCA e SELIC no dia {{data}},200,,True,,ok,ok,macro_consolidada,macro_consolidada,2.75,True,base,,0.9,0.2,1.0999999999999999,2.75,1.0999999999999999,1.0999999999999999,macro_consolidada,history_market_indicators,list:final_combined,combined;entity;entity_top_telemetry;final_combined;intent;intent_top2_gap_base;intent_top2_gap_final;rag_hint;rag_signal;thresholds_applied,10,ref_date,True,True,,response,86400,araquem:dev-20251030:cfg-4b3f1d4e:pub:macro_consolidada:plan:1ae42784a8fdf4eefe6bf9e7e88bff6005889b64d78e3ec2e854608e0ff1b82c,True,False,163,163.0,260.23,False,,,"**Último registro em 2025-11-14**

  - IPCA: **-**
  - Juros: **SELIC 14.90**, **CDI -**
  - Índices: **IFIX 3617 pts (0,71%)**, **IBOV 157739 pts (0,37%)**
  - Câmbio: **USD compra R$ 5,30, venda R$ 5,30 (0,00%)**; **EUR compra R$ 6,15, venda R$ 6,16 (-0,01%)**

  | Data ref. | IPCA | SELIC | CDI | IFIX (pts) | IFIX var. (%) | IBOV (pts) | IBOV var. (%) | USD compra (R$) | USD venda (R$) | USD var. (%) | EUR compra (R$) | EUR venda (R$) | EUR var. (%) |
  | --- | --- | --- | --- | --- | --- | --- | --- | --- | --- | --- | --- | --- | --- |
| 2025-11-14 | - | 14.90 | - | 3617 | 0,71% | 157739 | 0,37% | R$ 5,30 | R$ 5,30 | 0,00% | R$ 6,15 | R$ 6,16 | -0,01% |
| 2025-11-13 | - | 14.90 | 14.90 | 3591 | -0,17% | 157162 | -0,30% | R$ 5,30 | R$ 5,30 | 0,04% | R$ 6,16 | R$ 6,17 | 0,08% |
| 2025-11-12 | - | 14.90 | 14.90 | 3597 | 0,12% | 157633 | -0,07% | R$ 5,29 | R$ 5,29 | 0,02% | R$ 6,14 | R$ 6,14 | 0,03% |
| 2025-11-11 | - | 14.90 | 14.90 | 3593 | -0,01% | 157749 | 1,60% | R$ 5,27 | R$ 5,27 | 0,02% | R$ 6,11 | R$ 6,11 | -0,02% |
| 2025-11-10 | - | 14.90 | 14.90 | 3597 | 0,11% | 154064 | 0,47% | R$ 5,33 | R$ 5,33 | 0,00% | R$ 6,17 | R$ 6,17 | 0,12% |
| 2025-11-09 | - | - | - | - | - | - | - | - | - | - | - | - | - |
| 2025-11-08 | - | - | - | - | - | - | - | - | - | - | - | - | - |
| 2025-11-07 | - | 14.90 | 14.90 | 3597 | 0,11% | 154064 | 0,47% | R$ 5,33 | R$ 5,33 | 0,00% | R$ 6,17 | R$ 6,17 | 0,12% |
| 2025-11-06 | - | 14.90 | 14.90 | 3593 | 0,05% | 153339 | 0,03% | R$ 5,35 | R$ 5,35 | 0,05% | R$ 6,18 | R$ 6,18 | 0,06% |
| 2025-11-05 | - | 14.90 | 14.90 | 3591 | 0,03% | 153294 | 1,72% | R$ 5,36 | R$ 5,36 | 0,09% | R$ 6,16 | R$ 6,16 | 0,09% |",macro_consolidada,macro_consolidada,True,True,True,macro_consolidada,Suíte SQL-only gerada a partir de perguntas existentes para macro_consolidada.,macro_consolidada-q1,64,['status_not_ok'],False
IFIX e IBOV na semana passada,200,,True,,ok,ok,macro_consolidada,macro_consolidada,3.3,True,base,,0.9,0.2,4.3999999999999995,3.3,4.3999999999999995,4.3999999999999995,macro_consolidada,client_fiis_performance_vs_benchmark,list:final_combined,combined;entity;entity_top_telemetry;final_combined;intent;intent_top2_gap_base;intent_top2_gap_final;rag_hint;rag_signal;thresholds_applied,10,ref_date,True,True,,response,86400,araquem:dev-20251030:cfg-4b3f1d4e:pub:macro_consolidada:plan:1ae42784a8fdf4eefe6bf9e7e88bff6005889b64d78e3ec2e854608e0ff1b82c,True,False,149,149.0,270.25,False,,,"**Último registro em 2025-11-14**

  - IPCA: **-**
  - Juros: **SELIC 14.90**, **CDI -**
  - Índices: **IFIX 3617 pts (0,71%)**, **IBOV 157739 pts (0,37%)**
  - Câmbio: **USD compra R$ 5,30, venda R$ 5,30 (0,00%)**; **EUR compra R$ 6,15, venda R$ 6,16 (-0,01%)**

  | Data ref. | IPCA | SELIC | CDI | IFIX (pts) | IFIX var. (%) | IBOV (pts) | IBOV var. (%) | USD compra (R$) | USD venda (R$) | USD var. (%) | EUR compra (R$) | EUR venda (R$) | EUR var. (%) |
  | --- | --- | --- | --- | --- | --- | --- | --- | --- | --- | --- | --- | --- | --- |
| 2025-11-14 | - | 14.90 | - | 3617 | 0,71% | 157739 | 0,37% | R$ 5,30 | R$ 5,30 | 0,00% | R$ 6,15 | R$ 6,16 | -0,01% |
| 2025-11-13 | - | 14.90 | 14.90 | 3591 | -0,17% | 157162 | -0,30% | R$ 5,30 | R$ 5,30 | 0,04% | R$ 6,16 | R$ 6,17 | 0,08% |
| 2025-11-12 | - | 14.90 | 14.90 | 3597 | 0,12% | 157633 | -0,07% | R$ 5,29 | R$ 5,29 | 0,02% | R$ 6,14 | R$ 6,14 | 0,03% |
| 2025-11-11 | - | 14.90 | 14.90 | 3593 | -0,01% | 157749 | 1,60% | R$ 5,27 | R$ 5,27 | 0,02% | R$ 6,11 | R$ 6,11 | -0,02% |
| 2025-11-10 | - | 14.90 | 14.90 | 3597 | 0,11% | 154064 | 0,47% | R$ 5,33 | R$ 5,33 | 0,00% | R$ 6,17 | R$ 6,17 | 0,12% |
| 2025-11-09 | - | - | - | - | - | - | - | - | - | - | - | - | - |
| 2025-11-08 | - | - | - | - | - | - | - | - | - | - | - | - | - |
| 2025-11-07 | - | 14.90 | 14.90 | 3597 | 0,11% | 154064 | 0,47% | R$ 5,33 | R$ 5,33 | 0,00% | R$ 6,17 | R$ 6,17 | 0,12% |
| 2025-11-06 | - | 14.90 | 14.90 | 3593 | 0,05% | 153339 | 0,03% | R$ 5,35 | R$ 5,35 | 0,05% | R$ 6,18 | R$ 6,18 | 0,06% |
| 2025-11-05 | - | 14.90 | 14.90 | 3591 | 0,03% | 153294 | 1,72% | R$ 5,36 | R$ 5,36 | 0,09% | R$ 6,16 | R$ 6,16 | 0,09% |",macro_consolidada,macro_consolidada,True,True,True,macro_consolidada,Suíte SQL-only gerada a partir de perguntas existentes para macro_consolidada.,macro_consolidada-q2,65,['status_not_ok'],False
Histórico macro consolidado de {{mês}},200,,True,,ok,ok,client_fiis_dividends_evolution,client_fiis_dividends_evolution,1.1,True,base,,0.8,0.1,1.1,1.1,1.1,1.1,client_fiis_dividends_evolution,fiis_dividendos,list:final_combined,combined;entity;entity_top_telemetry;final_combined;intent;intent_top2_gap_base;intent_top2_gap_final;rag_hint;rag_signal;thresholds_applied,0,dividends_evolution,False,False,,response,,,True,False,262,262.0,328.512,False,,,Sem histórico de dividendos para exibir.,macro_consolidada,macro_consolidada,False,False,False,macro_consolidada,Suíte SQL-only gerada a partir de perguntas existentes para macro_consolidada.,macro_consolidada-q3,66,"['status_not_ok', 'entity_mismatch']",False
